[30 Jul 2026, 12:08:21 pm] INFO
{
  method: 'GET',
  path: '/api/notifications/unread-count'
}

----------------------------------------

[30 Jul 2026, 12:08:21 pm] INFO
{
  userId: 'cmr4iqxbg0005chzweogjavif'
}
Customer requested unread notification count

----------------------------------------

[30 Jul 2026, 12:08:21 pm] INFO
{
  userId: 'cmr4iqxbg0005chzweogjavif',
  unreadCount: 0
}
Unread notification count loaded successfully

----------------------------------------

[30 Jul 2026, 12:09:21 pm] INFO
{
  method: 'GET',
  path: '/api/notifications/unread-count'
}

----------------------------------------

[30 Jul 2026, 12:09:21 pm] INFO
{
  userId: 'cmr4iqxbg0005chzweogjavif'
}
Customer requested unread notification count

----------------------------------------

[30 Jul 2026, 12:09:21 pm] INFO
{
  userId: 'cmr4iqxbg0005chzweogjavif',
  unreadCount: 0
}
Unread notification count loaded successfully

----------------------------------------

[30 Jul 2026, 12:10:21 pm] INFO
{
  method: 'GET',
  path: '/api/notifications/unread-count'
}

----------------------------------------

[30 Jul 2026, 12:10:21 pm] INFO
{
  userId: 'cmr4iqxbg0005chzweogjavif'
}
Customer requested unread notification count

----------------------------------------

[30 Jul 2026, 12:10:21 pm] INFO
{
  userId: 'cmr4iqxbg0005chzweogjavif',
  unreadCount: 0
}
Unread notification count loaded successfully

----------------------------------------

[30 Jul 2026, 12:11:21 pm] INFO
{
  method: 'GET',
  path: '/api/notifications/unread-count'
}

----------------------------------------

[30 Jul 2026, 12:11:21 pm] INFO
{
  userId: 'cmr4iqxbg0005chzweogjavif'
}
Customer requested unread notification count

----------------------------------------

[30 Jul 2026, 12:11:21 pm] INFO
{
  userId: 'cmr4iqxbg0005chzweogjavif',
  unreadCount: 0
}
Unread notification count loaded successfully

----------------------------------------

[30 Jul 2026, 12:12:21 pm] INFO
{
  method: 'GET',
  path: '/api/notifications/unread-count'
}

----------------------------------------

[30 Jul 2026, 12:12:21 pm] INFO
{
  userId: 'cmr4iqxbg0005chzweogjavif'
}
Customer requested unread notification count

----------------------------------------

[30 Jul 2026, 12:12:21 pm] INFO
{
  userId: 'cmr4iqxbg0005chzweogjavif',
  unreadCount: 0
}
Unread notification count loaded successfully

----------------------------------------

[30 Jul 2026, 12:13:21 pm] INFO
{
  method: 'GET',
  path: '/api/notifications/unread-count'
}

----------------------------------------

[30 Jul 2026, 12:13:21 pm] INFO
{
  userId: 'cmr4iqxbg0005chzweogjavif'
}
Customer requested unread notification count

----------------------------------------

[30 Jul 2026, 12:13:21 pm] INFO
{
  userId: 'cmr4iqxbg0005chzweogjavif',
  unreadCount: 0
}
Unread notification count loaded successfully

----------------------------------------

[30 Jul 2026, 12:14:21 pm] INFO
{
  method: 'GET',
  path: '/api/notifications/unread-count'
}

----------------------------------------

[30 Jul 2026, 12:14:21 pm] INFO
{
  userId: 'cmr4iqxbg0005chzweogjavif'
}
Customer requested unread notification count

----------------------------------------

[30 Jul 2026, 12:14:21 pm] INFO
{
  userId: 'cmr4iqxbg0005chzweogjavif',
  unreadCount: 0
}
Unread notification count loaded successfully

----------------------------------------

[30 Jul 2026, 12:15:21 pm] INFO
{
  method: 'GET',
  path: '/api/notifications/unread-count'
}

----------------------------------------

[30 Jul 2026, 12:15:21 pm] INFO
{
  userId: 'cmr4iqxbg0005chzweogjavif'
}
Customer requested unread notification count

----------------------------------------

[30 Jul 2026, 12:15:21 pm] INFO
{
  userId: 'cmr4iqxbg0005chzweogjavif',
  unreadCount: 0
}
Unread notification count loaded successfully

----------------------------------------

[30 Jul 2026, 12:16:21 pm] INFO
{
  method: 'GET',
  path: '/api/notifications/unread-count'
}

----------------------------------------

[30 Jul 2026, 12:16:21 pm] INFO
{
  userId: 'cmr4iqxbg0005chzweogjavif'
}
Customer requested unread notification count

----------------------------------------

[30 Jul 2026, 12:16:21 pm] INFO
{
  userId: 'cmr4iqxbg0005chzweogjavif',
  unreadCount: 0
}
Unread notification count loaded successfully

----------------------------------------

[30 Jul 2026, 12:17:21 pm] INFO
{
  method: 'GET',
  path: '/api/notifications/unread-count'
}

----------------------------------------

[30 Jul 2026, 12:17:21 pm] INFO
{
  userId: 'cmr4iqxbg0005chzweogjavif'
}
Customer requested unread notification count

----------------------------------------

[30 Jul 2026, 12:17:21 pm] INFO
{
  userId: 'cmr4iqxbg0005chzweogjavif',
  unreadCount: 0
}
Unread notification count loaded successfully

----------------------------------------

[30 Jul 2026, 12:18:21 pm] INFO
{
  method: 'GET',
  path: '/api/notifications/unread-count'
}

----------------------------------------

[30 Jul 2026, 12:18:21 pm] INFO
{
  userId: 'cmr4iqxbg0005chzweogjavif'
}
Customer requested unread notification count

----------------------------------------

[30 Jul 2026, 12:18:21 pm] INFO
{
  userId: 'cmr4iqxbg0005chzweogjavif',
  unreadCount: 0
}
Unread notification count loaded successfully

----------------------------------------

[30 Jul 2026, 12:19:21 pm] INFO
{
  method: 'GET',
  path: '/api/notifications/unread-count'
}

----------------------------------------

[30 Jul 2026, 12:19:21 pm] INFO
{
  userId: 'cmr4iqxbg0005chzweogjavif'
}
Customer requested unread notification count

----------------------------------------

[30 Jul 2026, 12:19:21 pm] INFO
{
  userId: 'cmr4iqxbg0005chzweogjavif',
  unreadCount: 0
}
Unread notification count loaded successfully

----------------------------------------

[30 Jul 2026, 12:20:21 pm] INFO
{
  method: 'GET',
  path: '/api/notifications/unread-count'
}

----------------------------------------

[30 Jul 2026, 12:20:21 pm] INFO
{
  userId: 'cmr4iqxbg0005chzweogjavif'
}
Customer requested unread notification count

----------------------------------------

[30 Jul 2026, 12:20:21 pm] INFO
{
  userId: 'cmr4iqxbg0005chzweogjavif',
  unreadCount: 0
}
Unread notification count loaded successfully

----------------------------------------

[30 Jul 2026, 12:21:21 pm] INFO
{
  method: 'GET',
  path: '/api/notifications/unread-count'
}

----------------------------------------

[30 Jul 2026, 12:21:21 pm] INFO
{
  userId: 'cmr4iqxbg0005chzweogjavif'
}
Customer requested unread notification count

----------------------------------------

[30 Jul 2026, 12:21:21 pm] INFO
{
  userId: 'cmr4iqxbg0005chzweogjavif',
  unreadCount: 0
}
Unread notification count loaded successfully

----------------------------------------

[30 Jul 2026, 12:22:21 pm] INFO
{
  method: 'GET',
  path: '/api/notifications/unread-count'
}

----------------------------------------

[30 Jul 2026, 12:22:21 pm] INFO
{
  userId: 'cmr4iqxbg0005chzweogjavif'
}
Customer requested unread notification count

----------------------------------------

[30 Jul 2026, 12:22:21 pm] INFO
{
  userId: 'cmr4iqxbg0005chzweogjavif',
  unreadCount: 0
}
Unread notification count loaded successfully

----------------------------------------

[30 Jul 2026, 12:23:21 pm] INFO
{
  method: 'GET',
  path: '/api/notifications/unread-count'
}

----------------------------------------

[30 Jul 2026, 12:23:21 pm] INFO
{
  userId: 'cmr4iqxbg0005chzweogjavif'
}
Customer requested unread notification count

----------------------------------------

[30 Jul 2026, 12:23:21 pm] INFO
{
  userId: 'cmr4iqxbg0005chzweogjavif',
  unreadCount: 0
}
Unread notification count loaded successfully

----------------------------------------

[30 Jul 2026, 12:24:21 pm] INFO
{
  method: 'GET',
  path: '/api/notifications/unread-count'
}

----------------------------------------

[30 Jul 2026, 12:24:21 pm] INFO
{
  userId: 'cmr4iqxbg0005chzweogjavif'
}
Customer requested unread notification count

----------------------------------------

[30 Jul 2026, 12:24:21 pm] INFO
{
  userId: 'cmr4iqxbg0005chzweogjavif',
  unreadCount: 0
}
Unread notification count loaded successfully

----------------------------------------

[30 Jul 2026, 12:25:21 pm] INFO
{
  method: 'GET',
  path: '/api/notifications/unread-count'
}

----------------------------------------

[30 Jul 2026, 12:25:21 pm] INFO
{
  userId: 'cmr4iqxbg0005chzweogjavif'
}
Customer requested unread notification count

----------------------------------------

[30 Jul 2026, 12:25:21 pm] INFO
{
  userId: 'cmr4iqxbg0005chzweogjavif',
  unreadCount: 0
}
Unread notification count loaded successfully

----------------------------------------

[30 Jul 2026, 12:26:21 pm] INFO
{
  method: 'GET',
  path: '/api/notifications/unread-count'
}

----------------------------------------

[30 Jul 2026, 12:26:21 pm] INFO
{
  userId: 'cmr4iqxbg0005chzweogjavif'
}
Customer requested unread notification count

----------------------------------------

[30 Jul 2026, 12:26:21 pm] INFO
{
  userId: 'cmr4iqxbg0005chzweogjavif',
  unreadCount: 0
}
Unread notification count loaded successfully

----------------------------------------

[30 Jul 2026, 12:27:21 pm] INFO
{
  method: 'GET',
  path: '/api/notifications/unread-count'
}

----------------------------------------

[30 Jul 2026, 12:27:21 pm] INFO
{
  userId: 'cmr4iqxbg0005chzweogjavif'
}
Customer requested unread notification count

----------------------------------------

[30 Jul 2026, 12:27:21 pm] INFO
{
  userId: 'cmr4iqxbg0005chzweogjavif',
  unreadCount: 0
}
Unread notification count loaded successfully

----------------------------------------

[30 Jul 2026, 12:27:54 pm] INFO
{
  method: 'GET',
  path: '/provider/assigned-jobs/cmreigm5t000e37zwjnc9k8is'
}

----------------------------------------

[30 Jul 2026, 12:27:54 pm] INFO
{
  method: 'GET',
  path: '/provider/assigned-jobs/cmreigm5t000e37zwjnc9k8is'
}

----------------------------------------

[30 Jul 2026, 12:27:55 pm] INFO
{
  method: 'GET',
  path: '/api/notifications/unread-count'
}

----------------------------------------

[30 Jul 2026, 12:27:55 pm] INFO
{
  userId: 'cmr4iqxbg0005chzweogjavif'
}
Customer requested unread notification count

----------------------------------------

[30 Jul 2026, 12:27:55 pm] INFO
{
  userId: 'cmr4iqxbg0005chzweogjavif',
  unreadCount: 0
}
Unread notification count loaded successfully

----------------------------------------

[30 Jul 2026, 12:27:57 pm] INFO
{
  method: 'GET',
  path: '/api/notifications/unread-count'
}

----------------------------------------

[30 Jul 2026, 12:27:57 pm] INFO
{
  userId: 'cmr4iqxbg0005chzweogjavif'
}
Customer requested unread notification count

----------------------------------------

[30 Jul 2026, 12:27:57 pm] INFO
{
  userId: 'cmr4iqxbg0005chzweogjavif',
  unreadCount: 0
}
Unread notification count loaded successfully

----------------------------------------

[30 Jul 2026, 12:28:21 pm] INFO
{
  method: 'GET',
  path: '/api/notifications/unread-count'
}

----------------------------------------

[30 Jul 2026, 12:28:21 pm] INFO
{
  userId: 'cmr4iqxbg0005chzweogjavif'
}
Customer requested unread notification count

----------------------------------------

[30 Jul 2026, 12:28:21 pm] INFO
{
  userId: 'cmr4iqxbg0005chzweogjavif',
  unreadCount: 0
}
Unread notification count loaded successfully

----------------------------------------

[30 Jul 2026, 12:29:21 pm] INFO
{
  method: 'GET',
  path: '/api/notifications/unread-count'
}

----------------------------------------

[30 Jul 2026, 12:29:21 pm] INFO
{
  userId: 'cmr4iqxbg0005chzweogjavif'
}
Customer requested unread notification count

----------------------------------------

[30 Jul 2026, 12:29:21 pm] INFO
{
  userId: 'cmr4iqxbg0005chzweogjavif',
  unreadCount: 0
}
Unread notification count loaded successfully

----------------------------------------

[30 Jul 2026, 12:29:52 pm] INFO
{
  method: 'GET',
  path: '/api/notifications/unread-count'
}

----------------------------------------

[30 Jul 2026, 12:29:52 pm] INFO
{
  userId: 'cmr4iqxbg0005chzweogjavif'
}
Customer requested unread notification count

----------------------------------------

[30 Jul 2026, 12:29:52 pm] INFO
{
  userId: 'cmr4iqxbg0005chzweogjavif',
  unreadCount: 0
}
Unread notification count loaded successfully

----------------------------------------

[30 Jul 2026, 12:29:54 pm] INFO
{
  method: 'GET',
  path: '/provider/assigned-jobs/cmreigm5t000e37zwjnc9k8is'
}

----------------------------------------

[30 Jul 2026, 12:29:54 pm] INFO
{
  method: 'GET',
  path: '/api/provider/assigned-jobs/cmreigm5t000e37zwjnc9k8is'
}

----------------------------------------

[30 Jul 2026, 12:29:54 pm] INFO
{
  method: 'GET',
  path: '/api/notifications/unread-count'
}

----------------------------------------

[30 Jul 2026, 12:29:54 pm] INFO
{
  method: 'GET',
  path: '/api/user-profile'
}

----------------------------------------

[30 Jul 2026, 12:29:54 pm] INFO
{
  userId: 'cmr4iqxbg0005chzweogjavif',
  jobId: 'cmreigm5t000e37zwjnc9k8is'
}
Provider requested assigned job details

----------------------------------------

[30 Jul 2026, 12:29:54 pm] INFO
Fetching user details

----------------------------------------

[30 Jul 2026, 12:29:54 pm] INFO
User details fetched successfully

----------------------------------------

[30 Jul 2026, 12:29:54 pm] INFO
{
  userId: 'cmr4iqxbg0005chzweogjavif'
}
Customer requested unread notification count

----------------------------------------

[30 Jul 2026, 12:29:54 pm] INFO
{
  userId: 'cmr4iqxbg0005chzweogjavif',
  unreadCount: 0
}
Unread notification count loaded successfully

----------------------------------------

[30 Jul 2026, 12:29:54 pm] INFO
{
  userId: 'cmr4iqxbg0005chzweogjavif',
  jobId: 'cmreigm5t000e37zwjnc9k8is'
}
Assigned job loaded successfully

----------------------------------------

[30 Jul 2026, 12:29:56 pm] INFO
{
  method: 'GET',
  path: '/provider/dashboard'
}

----------------------------------------

[30 Jul 2026, 12:29:57 pm] INFO
{
  method: 'GET',
  path: '/api/provider/jobs'
}

----------------------------------------

[30 Jul 2026, 12:29:57 pm] INFO
{
  userId: 'cmr4iqxbg0005chzweogjavif',
  page: 1,
  limit: 5
}
Provider requested dashboard

----------------------------------------

[30 Jul 2026, 12:29:57 pm] INFO
{
  userId: 'cmr4iqxbg0005chzweogjavif',
  availableJobs: 6,
  pendingBids: 1,
  assignedJobs: 1,
  reviewCount: 3,
  totalItems: 6,
  page: 1
}
Provider dashboard loaded successfully

----------------------------------------

[30 Jul 2026, 12:29:57 pm] INFO
{
  method: 'GET',
  path: '/api/provider/jobs'
}

----------------------------------------

[30 Jul 2026, 12:29:57 pm] INFO
{
  userId: 'cmr4iqxbg0005chzweogjavif',
  page: 1,
  limit: 5
}
Provider requested dashboard

----------------------------------------

[30 Jul 2026, 12:29:57 pm] INFO
{
  userId: 'cmr4iqxbg0005chzweogjavif',
  availableJobs: 6,
  pendingBids: 1,
  assignedJobs: 1,
  reviewCount: 3,
  totalItems: 6,
  page: 1
}
Provider dashboard loaded successfully

----------------------------------------

[30 Jul 2026, 12:30:00 pm] INFO
{
  method: 'GET',
  path: '/provider/bids'
}

----------------------------------------

[30 Jul 2026, 12:30:00 pm] INFO
{
  method: 'GET',
  path: '/api/provider/bids'
}

----------------------------------------

[30 Jul 2026, 12:30:00 pm] INFO
{
  userId: 'cmr4iqxbg0005chzweogjavif'
}
Provider requested bid history

----------------------------------------

[30 Jul 2026, 12:30:00 pm] INFO
{
  userId: 'cmr4iqxbg0005chzweogjavif',
  totalBids: 5,
  pendingCount: 0,
  acceptedCount: 3,
  rejectedCount: 2,
  winRate: 60
}
Provider bid history loaded successfully

----------------------------------------

[30 Jul 2026, 12:30:00 pm] INFO
{
  method: 'GET',
  path: '/api/provider/bids'
}

----------------------------------------

[30 Jul 2026, 12:30:00 pm] INFO
{
  userId: 'cmr4iqxbg0005chzweogjavif'
}
Provider requested bid history

----------------------------------------

[30 Jul 2026, 12:30:00 pm] INFO
{
  userId: 'cmr4iqxbg0005chzweogjavif',
  totalBids: 5,
  pendingCount: 0,
  acceptedCount: 3,
  rejectedCount: 2,
  winRate: 60
}
Provider bid history loaded successfully

----------------------------------------

[30 Jul 2026, 12:30:01 pm] INFO
{
  method: 'GET',
  path: '/provider/dashboard'
}

----------------------------------------

[30 Jul 2026, 12:30:01 pm] INFO
{
  method: 'GET',
  path: '/api/provider/jobs'
}

----------------------------------------

[30 Jul 2026, 12:30:01 pm] INFO
{
  userId: 'cmr4iqxbg0005chzweogjavif',
  page: 1,
  limit: 5
}
Provider requested dashboard

----------------------------------------

[30 Jul 2026, 12:30:01 pm] INFO
{
  userId: 'cmr4iqxbg0005chzweogjavif',
  availableJobs: 6,
  pendingBids: 1,
  assignedJobs: 1,
  reviewCount: 3,
  totalItems: 6,
  page: 1
}
Provider dashboard loaded successfully

----------------------------------------

[30 Jul 2026, 12:30:01 pm] INFO
{
  method: 'GET',
  path: '/api/provider/jobs'
}

----------------------------------------

[30 Jul 2026, 12:30:01 pm] INFO
{
  userId: 'cmr4iqxbg0005chzweogjavif',
  page: 1,
  limit: 5
}
Provider requested dashboard

----------------------------------------

[30 Jul 2026, 12:30:01 pm] INFO
{
  userId: 'cmr4iqxbg0005chzweogjavif',
  availableJobs: 6,
  pendingBids: 1,
  assignedJobs: 1,
  reviewCount: 3,
  totalItems: 6,
  page: 1
}
Provider dashboard loaded successfully

----------------------------------------

[30 Jul 2026, 12:30:02 pm] INFO
{
  method: 'GET',
  path: '/provider/dashboard/jobs/cms5xaikj0001sgzwey5fwn8f'
}

----------------------------------------

[30 Jul 2026, 12:30:03 pm] INFO
{
  method: 'GET',
  path: '/api/provider/jobs/cms5xaikj0001sgzwey5fwn8f'
}

----------------------------------------

[30 Jul 2026, 12:30:03 pm] INFO
{
  method: 'GET',
  path: '/api/provider/jobs/cms5xaikj0001sgzwey5fwn8f/media'
}

----------------------------------------

[30 Jul 2026, 12:30:03 pm] INFO
{
  userId: 'cmr4iqxbg0005chzweogjavif',
  jobId: 'cms5xaikj0001sgzwey5fwn8f'
}
Provider requested job details

----------------------------------------

[30 Jul 2026, 12:30:03 pm] INFO
{
  userId: 'cmr4iqxbg0005chzweogjavif',
  jobId: 'cms5xaikj0001sgzwey5fwn8f',
  status: 'OPEN'
}
Provider job details loaded successfully

----------------------------------------

[30 Jul 2026, 12:30:03 pm] INFO
{
  method: 'GET',
  path: '/api/provider/jobs/cms5xaikj0001sgzwey5fwn8f'
}

----------------------------------------

[30 Jul 2026, 12:30:03 pm] INFO
{
  userId: 'cmr4iqxbg0005chzweogjavif',
  jobId: 'cms5xaikj0001sgzwey5fwn8f'
}
Provider requested job details

----------------------------------------

[30 Jul 2026, 12:30:03 pm] INFO
{
  userId: 'cmr4iqxbg0005chzweogjavif',
  jobId: 'cms5xaikj0001sgzwey5fwn8f',
  status: 'OPEN'
}
Provider job details loaded successfully

----------------------------------------

[30 Jul 2026, 12:30:04 pm] INFO
{
  userId: 'cmr4iqxbg0005chzweogjavif',
  jobId: 'cms5xaikj0001sgzwey5fwn8f'
}
Provider requested job media

----------------------------------------

[30 Jul 2026, 12:30:04 pm] INFO
{
  userId: 'cmr4iqxbg0005chzweogjavif',
  jobId: 'cms5xaikj0001sgzwey5fwn8f',
  mediaCount: 0
}
Job media loaded successfully

----------------------------------------

[30 Jul 2026, 12:30:04 pm] INFO
{
  method: 'GET',
  path: '/api/provider/jobs/cms5xaikj0001sgzwey5fwn8f/media'
}

----------------------------------------

[30 Jul 2026, 12:30:04 pm] INFO
{
  userId: 'cmr4iqxbg0005chzweogjavif',
  jobId: 'cms5xaikj0001sgzwey5fwn8f'
}
Provider requested job media

----------------------------------------

[30 Jul 2026, 12:30:04 pm] INFO
{
  userId: 'cmr4iqxbg0005chzweogjavif',
  jobId: 'cms5xaikj0001sgzwey5fwn8f',
  mediaCount: 0
}
Job media loaded successfully

----------------------------------------

[30 Jul 2026, 12:30:13 pm] INFO
{
  method: 'GET',
  path: '/provider/bids'
}

----------------------------------------

[30 Jul 2026, 12:30:13 pm] INFO
{
  method: 'GET',
  path: '/api/provider/bids'
}

----------------------------------------

[30 Jul 2026, 12:30:13 pm] INFO
{
  method: 'GET',
  path: '/api/notifications/unread-count'
}

----------------------------------------

[30 Jul 2026, 12:30:13 pm] INFO
{
  method: 'GET',
  path: '/api/user-profile'
}

----------------------------------------

[30 Jul 2026, 12:30:13 pm] INFO
{
  userId: 'cmr4iqxbg0005chzweogjavif'
}
Provider requested bid history

----------------------------------------

[30 Jul 2026, 12:30:13 pm] INFO
{
  userId: 'cmr4iqxbg0005chzweogjavif',
  totalBids: 5,
  pendingCount: 0,
  acceptedCount: 3,
  rejectedCount: 2,
  winRate: 60
}
Provider bid history loaded successfully

----------------------------------------

[30 Jul 2026, 12:30:13 pm] INFO
Fetching user details

----------------------------------------

[30 Jul 2026, 12:30:13 pm] INFO
{
  userId: 'cmr4iqxbg0005chzweogjavif'
}
Customer requested unread notification count

----------------------------------------

[30 Jul 2026, 12:30:13 pm] INFO
{
  userId: 'cmr4iqxbg0005chzweogjavif',
  unreadCount: 0
}
Unread notification count loaded successfully

----------------------------------------

[30 Jul 2026, 12:30:13 pm] INFO
User details fetched successfully

----------------------------------------

[30 Jul 2026, 12:30:15 pm] INFO
{
  method: 'GET',
  path: '/provider/dashboard'
}

----------------------------------------

[30 Jul 2026, 12:30:15 pm] INFO
{
  method: 'GET',
  path: '/api/provider/jobs'
}

----------------------------------------

[30 Jul 2026, 12:30:15 pm] INFO
{
  userId: 'cmr4iqxbg0005chzweogjavif',
  page: 1,
  limit: 5
}
Provider requested dashboard

----------------------------------------

[30 Jul 2026, 12:30:15 pm] INFO
{
  userId: 'cmr4iqxbg0005chzweogjavif',
  availableJobs: 6,
  pendingBids: 1,
  assignedJobs: 1,
  reviewCount: 3,
  totalItems: 6,
  page: 1
}
Provider dashboard loaded successfully

----------------------------------------

[30 Jul 2026, 12:30:15 pm] INFO
{
  method: 'GET',
  path: '/api/provider/jobs'
}

----------------------------------------

[30 Jul 2026, 12:30:15 pm] INFO
{
  userId: 'cmr4iqxbg0005chzweogjavif',
  page: 1,
  limit: 5
}
Provider requested dashboard

----------------------------------------

[30 Jul 2026, 12:30:15 pm] INFO
{
  userId: 'cmr4iqxbg0005chzweogjavif',
  availableJobs: 6,
  pendingBids: 1,
  assignedJobs: 1,
  reviewCount: 3,
  totalItems: 6,
  page: 1
}
Provider dashboard loaded successfully

----------------------------------------

[30 Jul 2026, 12:30:20 pm] INFO
{
  method: 'GET',
  path: '/provider/dashboard/jobs/cms5wsfwx0000sgzwl3r7y3e7'
}

----------------------------------------

[30 Jul 2026, 12:30:20 pm] INFO
{
  method: 'GET',
  path: '/api/provider/jobs/cms5wsfwx0000sgzwl3r7y3e7'
}

----------------------------------------

[30 Jul 2026, 12:30:20 pm] INFO
{
  method: 'GET',
  path: '/api/provider/jobs/cms5wsfwx0000sgzwl3r7y3e7/media'
}

----------------------------------------

[30 Jul 2026, 12:30:20 pm] INFO
{
  userId: 'cmr4iqxbg0005chzweogjavif',
  jobId: 'cms5wsfwx0000sgzwl3r7y3e7'
}
Provider requested job details

----------------------------------------

[30 Jul 2026, 12:30:20 pm] INFO
{
  userId: 'cmr4iqxbg0005chzweogjavif',
  jobId: 'cms5wsfwx0000sgzwl3r7y3e7'
}
Provider requested job media

----------------------------------------

[30 Jul 2026, 12:30:20 pm] INFO
{
  userId: 'cmr4iqxbg0005chzweogjavif',
  jobId: 'cms5wsfwx0000sgzwl3r7y3e7',
  status: 'OPEN'
}
Provider job details loaded successfully

----------------------------------------

[30 Jul 2026, 12:30:20 pm] INFO
{
  userId: 'cmr4iqxbg0005chzweogjavif',
  jobId: 'cms5wsfwx0000sgzwl3r7y3e7',
  mediaCount: 0
}
Job media loaded successfully

----------------------------------------

[30 Jul 2026, 12:30:20 pm] INFO
{
  method: 'GET',
  path: '/api/provider/jobs/cms5wsfwx0000sgzwl3r7y3e7'
}

----------------------------------------

[30 Jul 2026, 12:30:20 pm] INFO
{
  method: 'GET',
  path: '/api/provider/jobs/cms5wsfwx0000sgzwl3r7y3e7/media'
}

----------------------------------------

[30 Jul 2026, 12:30:20 pm] INFO
{
  userId: 'cmr4iqxbg0005chzweogjavif',
  jobId: 'cms5wsfwx0000sgzwl3r7y3e7'
}
Provider requested job details

----------------------------------------

[30 Jul 2026, 12:30:20 pm] INFO
{
  userId: 'cmr4iqxbg0005chzweogjavif',
  jobId: 'cms5wsfwx0000sgzwl3r7y3e7'
}
Provider requested job media

----------------------------------------

[30 Jul 2026, 12:30:20 pm] INFO
{
  userId: 'cmr4iqxbg0005chzweogjavif',
  jobId: 'cms5wsfwx0000sgzwl3r7y3e7',
  status: 'OPEN'
}
Provider job details loaded successfully

----------------------------------------

[30 Jul 2026, 12:30:20 pm] INFO
{
  userId: 'cmr4iqxbg0005chzweogjavif',
  jobId: 'cms5wsfwx0000sgzwl3r7y3e7',
  mediaCount: 0
}
Job media loaded successfully

----------------------------------------

[30 Jul 2026, 12:34:05 pm] INFO
{
  method: 'GET',
  path: '/provider/dashboard/jobs/cms5wsfwx0000sgzwl3r7y3e7'
}

----------------------------------------

[30 Jul 2026, 12:34:06 pm] INFO
{
  method: 'GET',
  path: '/api/provider/jobs/cms5wsfwx0000sgzwl3r7y3e7'
}

----------------------------------------

[30 Jul 2026, 12:34:06 pm] INFO
{
  method: 'GET',
  path: '/api/provider/jobs/cms5wsfwx0000sgzwl3r7y3e7/media'
}

----------------------------------------

[30 Jul 2026, 12:34:06 pm] INFO
{
  method: 'GET',
  path: '/api/notifications/unread-count'
}

----------------------------------------

[30 Jul 2026, 12:34:06 pm] INFO
{
  method: 'GET',
  path: '/api/user-profile'
}

----------------------------------------

[30 Jul 2026, 12:34:06 pm] INFO
Fetching user details

----------------------------------------

[30 Jul 2026, 12:34:06 pm] INFO
User details fetched successfully

----------------------------------------

[30 Jul 2026, 12:34:06 pm] INFO
{
  userId: 'cmr4iqxbg0005chzweogjavif',
  jobId: 'cms5wsfwx0000sgzwl3r7y3e7'
}
Provider requested job details

----------------------------------------

[30 Jul 2026, 12:34:06 pm] INFO
{
  userId: 'cmr4iqxbg0005chzweogjavif',
  jobId: 'cms5wsfwx0000sgzwl3r7y3e7',
  status: 'OPEN'
}
Provider job details loaded successfully

----------------------------------------

[30 Jul 2026, 12:34:06 pm] INFO
{
  userId: 'cmr4iqxbg0005chzweogjavif'
}
Customer requested unread notification count

----------------------------------------

[30 Jul 2026, 12:34:06 pm] INFO
{
  userId: 'cmr4iqxbg0005chzweogjavif',
  unreadCount: 0
}
Unread notification count loaded successfully

----------------------------------------

[30 Jul 2026, 12:34:06 pm] INFO
{
  userId: 'cmr4iqxbg0005chzweogjavif',
  jobId: 'cms5wsfwx0000sgzwl3r7y3e7'
}
Provider requested job media

----------------------------------------

[30 Jul 2026, 12:34:06 pm] INFO
{
  userId: 'cmr4iqxbg0005chzweogjavif',
  jobId: 'cms5wsfwx0000sgzwl3r7y3e7',
  mediaCount: 0
}
Job media loaded successfully

----------------------------------------

[30 Jul 2026, 12:34:16 pm] INFO
{
  method: 'GET',
  path: '/api/notifications/unread-count'
}

----------------------------------------

[30 Jul 2026, 12:34:16 pm] INFO
{
  userId: 'cmr4iqxbg0005chzweogjavif'
}
Customer requested unread notification count

----------------------------------------

[30 Jul 2026, 12:34:16 pm] INFO
{
  userId: 'cmr4iqxbg0005chzweogjavif',
  unreadCount: 0
}
Unread notification count loaded successfully

----------------------------------------

[30 Jul 2026, 12:34:18 pm] INFO
{
  method: 'GET',
  path: '/provider/dashboard/jobs/cms5wsfwx0000sgzwl3r7y3e7'
}

----------------------------------------

[30 Jul 2026, 12:34:18 pm] INFO
{
  method: 'GET',
  path: '/api/provider/jobs/cms5wsfwx0000sgzwl3r7y3e7'
}

----------------------------------------

[30 Jul 2026, 12:34:18 pm] INFO
{
  method: 'GET',
  path: '/api/provider/jobs/cms5wsfwx0000sgzwl3r7y3e7/media'
}

----------------------------------------

[30 Jul 2026, 12:34:18 pm] INFO
{
  method: 'GET',
  path: '/api/notifications/unread-count'
}

----------------------------------------

[30 Jul 2026, 12:34:18 pm] INFO
{
  method: 'GET',
  path: '/api/user-profile'
}

----------------------------------------

[30 Jul 2026, 12:34:18 pm] INFO
{
  userId: 'cmr4iqxbg0005chzweogjavif',
  jobId: 'cms5wsfwx0000sgzwl3r7y3e7'
}
Provider requested job details

----------------------------------------

[30 Jul 2026, 12:34:18 pm] INFO
{
  userId: 'cmr4iqxbg0005chzweogjavif',
  jobId: 'cms5wsfwx0000sgzwl3r7y3e7',
  status: 'OPEN'
}
Provider job details loaded successfully

----------------------------------------

[30 Jul 2026, 12:34:18 pm] INFO
Fetching user details

----------------------------------------

[30 Jul 2026, 12:34:18 pm] INFO
{
  userId: 'cmr4iqxbg0005chzweogjavif'
}
Customer requested unread notification count

----------------------------------------

[30 Jul 2026, 12:34:18 pm] INFO
{
  userId: 'cmr4iqxbg0005chzweogjavif',
  unreadCount: 0
}
Unread notification count loaded successfully

----------------------------------------

[30 Jul 2026, 12:34:18 pm] INFO
{
  userId: 'cmr4iqxbg0005chzweogjavif',
  jobId: 'cms5wsfwx0000sgzwl3r7y3e7'
}
Provider requested job media

----------------------------------------

[30 Jul 2026, 12:34:18 pm] INFO
User details fetched successfully

----------------------------------------

[30 Jul 2026, 12:34:18 pm] INFO
{
  userId: 'cmr4iqxbg0005chzweogjavif',
  jobId: 'cms5wsfwx0000sgzwl3r7y3e7',
  mediaCount: 0
}
Job media loaded successfully

----------------------------------------

[30 Jul 2026, 12:34:29 pm] INFO
{
  method: 'GET',
  path: '/api/notifications/unread-count'
}

----------------------------------------

[30 Jul 2026, 12:34:29 pm] INFO
{
  userId: 'cmr4iqxbg0005chzweogjavif'
}
Customer requested unread notification count

----------------------------------------

[30 Jul 2026, 12:34:29 pm] INFO
{
  userId: 'cmr4iqxbg0005chzweogjavif',
  unreadCount: 0
}
Unread notification count loaded successfully

----------------------------------------

[30 Jul 2026, 12:34:39 pm] INFO
{
  method: 'GET',
  path: '/api/notifications/unread-count'
}

----------------------------------------

[30 Jul 2026, 12:34:39 pm] INFO
{
  userId: 'cmr4iqxbg0005chzweogjavif'
}
Customer requested unread notification count

----------------------------------------

[30 Jul 2026, 12:34:39 pm] INFO
{
  userId: 'cmr4iqxbg0005chzweogjavif',
  unreadCount: 0
}
Unread notification count loaded successfully

----------------------------------------

[30 Jul 2026, 12:34:47 pm] INFO
{
  method: 'GET',
  path: '/api/provider/jobs/cms5wsfwx0000sgzwl3r7y3e7'
}

----------------------------------------

[30 Jul 2026, 12:34:47 pm] INFO
{
  method: 'GET',
  path: '/api/provider/jobs/cms5wsfwx0000sgzwl3r7y3e7/media'
}

----------------------------------------

[30 Jul 2026, 12:34:47 pm] INFO
{
  userId: 'cmr4iqxbg0005chzweogjavif',
  jobId: 'cms5wsfwx0000sgzwl3r7y3e7'
}
Provider requested job details

----------------------------------------

[30 Jul 2026, 12:34:47 pm] INFO
{
  userId: 'cmr4iqxbg0005chzweogjavif',
  jobId: 'cms5wsfwx0000sgzwl3r7y3e7',
  status: 'OPEN'
}
Provider job details loaded successfully

----------------------------------------

[30 Jul 2026, 12:34:47 pm] INFO
{
  userId: 'cmr4iqxbg0005chzweogjavif',
  jobId: 'cms5wsfwx0000sgzwl3r7y3e7'
}
Provider requested job media

----------------------------------------

[30 Jul 2026, 12:34:47 pm] INFO
{
  userId: 'cmr4iqxbg0005chzweogjavif',
  jobId: 'cms5wsfwx0000sgzwl3r7y3e7',
  mediaCount: 0
}
Job media loaded successfully

----------------------------------------

[30 Jul 2026, 12:34:49 pm] INFO
{
  method: 'GET',
  path: '/api/notifications/unread-count'
}

----------------------------------------

[30 Jul 2026, 12:34:49 pm] INFO
{
  userId: 'cmr4iqxbg0005chzweogjavif'
}
Customer requested unread notification count

----------------------------------------

[30 Jul 2026, 12:34:49 pm] INFO
{
  userId: 'cmr4iqxbg0005chzweogjavif',
  unreadCount: 0
}
Unread notification count loaded successfully

----------------------------------------

[30 Jul 2026, 12:34:58 pm] INFO
{
  method: 'GET',
  path: '/api/notifications/unread-count'
}

----------------------------------------

[30 Jul 2026, 12:34:58 pm] INFO
{
  userId: 'cmr4iqxbg0005chzweogjavif'
}
Customer requested unread notification count

----------------------------------------

[30 Jul 2026, 12:34:58 pm] INFO
{
  userId: 'cmr4iqxbg0005chzweogjavif',
  unreadCount: 0
}
Unread notification count loaded successfully

----------------------------------------

[30 Jul 2026, 12:34:59 pm] INFO
{
  method: 'GET',
  path: '/provider/dashboard/jobs/cms5wsfwx0000sgzwl3r7y3e7'
}

----------------------------------------

[30 Jul 2026, 12:34:59 pm] INFO
{
  method: 'GET',
  path: '/api/provider/jobs/cms5wsfwx0000sgzwl3r7y3e7'
}

----------------------------------------

[30 Jul 2026, 12:34:59 pm] INFO
{
  method: 'GET',
  path: '/api/provider/jobs/cms5wsfwx0000sgzwl3r7y3e7/media'
}

----------------------------------------

[30 Jul 2026, 12:34:59 pm] INFO
{
  method: 'GET',
  path: '/api/notifications/unread-count'
}

----------------------------------------

[30 Jul 2026, 12:34:59 pm] INFO
{
  method: 'GET',
  path: '/api/user-profile'
}

----------------------------------------

[30 Jul 2026, 12:34:59 pm] INFO
{
  userId: 'cmr4iqxbg0005chzweogjavif',
  jobId: 'cms5wsfwx0000sgzwl3r7y3e7'
}
Provider requested job details

----------------------------------------

[30 Jul 2026, 12:34:59 pm] INFO
{
  userId: 'cmr4iqxbg0005chzweogjavif',
  jobId: 'cms5wsfwx0000sgzwl3r7y3e7',
  status: 'OPEN'
}
Provider job details loaded successfully

----------------------------------------

[30 Jul 2026, 12:34:59 pm] INFO
Fetching user details

----------------------------------------

[30 Jul 2026, 12:34:59 pm] INFO
{
  userId: 'cmr4iqxbg0005chzweogjavif'
}
Customer requested unread notification count

----------------------------------------

[30 Jul 2026, 12:34:59 pm] INFO
{
  userId: 'cmr4iqxbg0005chzweogjavif',
  unreadCount: 0
}
Unread notification count loaded successfully

----------------------------------------

[30 Jul 2026, 12:34:59 pm] INFO
User details fetched successfully

----------------------------------------

[30 Jul 2026, 12:34:59 pm] INFO
{
  userId: 'cmr4iqxbg0005chzweogjavif',
  jobId: 'cms5wsfwx0000sgzwl3r7y3e7'
}
Provider requested job media

----------------------------------------

[30 Jul 2026, 12:34:59 pm] INFO
{
  userId: 'cmr4iqxbg0005chzweogjavif',
  jobId: 'cms5wsfwx0000sgzwl3r7y3e7',
  mediaCount: 0
}
Job media loaded successfully

----------------------------------------

[30 Jul 2026, 12:35:01 pm] INFO
{
  method: 'GET',
  path: '/provider/dashboard'
}

----------------------------------------

[30 Jul 2026, 12:35:01 pm] INFO
{
  method: 'GET',
  path: '/api/provider/jobs'
}

----------------------------------------

[30 Jul 2026, 12:35:01 pm] INFO
{
  userId: 'cmr4iqxbg0005chzweogjavif',
  page: 1,
  limit: 5
}
Provider requested dashboard

----------------------------------------

[30 Jul 2026, 12:35:01 pm] INFO
{
  userId: 'cmr4iqxbg0005chzweogjavif',
  availableJobs: 6,
  pendingBids: 1,
  assignedJobs: 1,
  reviewCount: 3,
  totalItems: 6,
  page: 1
}
Provider dashboard loaded successfully

----------------------------------------

[30 Jul 2026, 12:35:01 pm] INFO
{
  method: 'GET',
  path: '/api/provider/jobs'
}

----------------------------------------

[30 Jul 2026, 12:35:02 pm] INFO
{
  userId: 'cmr4iqxbg0005chzweogjavif',
  page: 1,
  limit: 5
}
Provider requested dashboard

----------------------------------------

[30 Jul 2026, 12:35:02 pm] INFO
{
  userId: 'cmr4iqxbg0005chzweogjavif',
  availableJobs: 6,
  pendingBids: 1,
  assignedJobs: 1,
  reviewCount: 3,
  totalItems: 6,
  page: 1
}
Provider dashboard loaded successfully

----------------------------------------

[30 Jul 2026, 12:35:03 pm] INFO
{
  method: 'GET',
  path: '/provider/dashboard/jobs/cms5xaikj0001sgzwey5fwn8f'
}

----------------------------------------

[30 Jul 2026, 12:35:03 pm] INFO
{
  method: 'GET',
  path: '/api/provider/jobs/cms5xaikj0001sgzwey5fwn8f'
}

----------------------------------------

[30 Jul 2026, 12:35:03 pm] INFO
{
  method: 'GET',
  path: '/api/provider/jobs/cms5xaikj0001sgzwey5fwn8f/media'
}

----------------------------------------

[30 Jul 2026, 12:35:03 pm] INFO
{
  userId: 'cmr4iqxbg0005chzweogjavif',
  jobId: 'cms5xaikj0001sgzwey5fwn8f'
}
Provider requested job details

----------------------------------------

[30 Jul 2026, 12:35:03 pm] INFO
{
  userId: 'cmr4iqxbg0005chzweogjavif',
  jobId: 'cms5xaikj0001sgzwey5fwn8f'
}
Provider requested job media

----------------------------------------

[30 Jul 2026, 12:35:03 pm] INFO
{
  userId: 'cmr4iqxbg0005chzweogjavif',
  jobId: 'cms5xaikj0001sgzwey5fwn8f',
  status: 'OPEN'
}
Provider job details loaded successfully

----------------------------------------

[30 Jul 2026, 12:35:03 pm] INFO
{
  userId: 'cmr4iqxbg0005chzweogjavif',
  jobId: 'cms5xaikj0001sgzwey5fwn8f',
  mediaCount: 0
}
Job media loaded successfully

----------------------------------------

[30 Jul 2026, 12:35:03 pm] INFO
{
  method: 'GET',
  path: '/api/provider/jobs/cms5xaikj0001sgzwey5fwn8f'
}

----------------------------------------

[30 Jul 2026, 12:35:03 pm] INFO
{
  method: 'GET',
  path: '/api/provider/jobs/cms5xaikj0001sgzwey5fwn8f/media'
}

----------------------------------------

[30 Jul 2026, 12:35:03 pm] INFO
{
  userId: 'cmr4iqxbg0005chzweogjavif',
  jobId: 'cms5xaikj0001sgzwey5fwn8f'
}
Provider requested job details

----------------------------------------

[30 Jul 2026, 12:35:03 pm] INFO
{
  userId: 'cmr4iqxbg0005chzweogjavif',
  jobId: 'cms5xaikj0001sgzwey5fwn8f'
}
Provider requested job media

----------------------------------------

[30 Jul 2026, 12:35:03 pm] INFO
{
  userId: 'cmr4iqxbg0005chzweogjavif',
  jobId: 'cms5xaikj0001sgzwey5fwn8f',
  status: 'OPEN'
}
Provider job details loaded successfully

----------------------------------------

[30 Jul 2026, 12:35:03 pm] INFO
{
  userId: 'cmr4iqxbg0005chzweogjavif',
  jobId: 'cms5xaikj0001sgzwey5fwn8f',
  mediaCount: 0
}
Job media loaded successfully

----------------------------------------

[30 Jul 2026, 12:35:08 pm] INFO
{
  method: 'GET',
  path: '/provider/dashboard'
}

----------------------------------------

[30 Jul 2026, 12:35:08 pm] INFO
{
  method: 'GET',
  path: '/api/provider/jobs'
}

----------------------------------------

[30 Jul 2026, 12:35:08 pm] INFO
{
  userId: 'cmr4iqxbg0005chzweogjavif',
  page: 1,
  limit: 5
}
Provider requested dashboard

----------------------------------------

[30 Jul 2026, 12:35:08 pm] INFO
{
  userId: 'cmr4iqxbg0005chzweogjavif',
  availableJobs: 6,
  pendingBids: 1,
  assignedJobs: 1,
  reviewCount: 3,
  totalItems: 6,
  page: 1
}
Provider dashboard loaded successfully

----------------------------------------

[30 Jul 2026, 12:35:08 pm] INFO
{
  method: 'GET',
  path: '/api/provider/jobs'
}

----------------------------------------

[30 Jul 2026, 12:35:08 pm] INFO
{
  userId: 'cmr4iqxbg0005chzweogjavif',
  page: 1,
  limit: 5
}
Provider requested dashboard

----------------------------------------

[30 Jul 2026, 12:35:08 pm] INFO
{
  userId: 'cmr4iqxbg0005chzweogjavif',
  availableJobs: 6,
  pendingBids: 1,
  assignedJobs: 1,
  reviewCount: 3,
  totalItems: 6,
  page: 1
}
Provider dashboard loaded successfully

----------------------------------------

[30 Jul 2026, 12:35:09 pm] INFO
{
  method: 'GET',
  path: '/api/notifications/unread-count'
}

----------------------------------------

[30 Jul 2026, 12:35:09 pm] INFO
{
  userId: 'cmr4iqxbg0005chzweogjavif'
}
Customer requested unread notification count

----------------------------------------

[30 Jul 2026, 12:35:09 pm] INFO
{
  userId: 'cmr4iqxbg0005chzweogjavif',
  unreadCount: 0
}
Unread notification count loaded successfully

----------------------------------------

[30 Jul 2026, 12:35:19 pm] INFO
{
  method: 'GET',
  path: '/api/notifications/unread-count'
}

----------------------------------------

[30 Jul 2026, 12:35:19 pm] INFO
{
  userId: 'cmr4iqxbg0005chzweogjavif'
}
Customer requested unread notification count

----------------------------------------

[30 Jul 2026, 12:35:19 pm] INFO
{
  userId: 'cmr4iqxbg0005chzweogjavif',
  unreadCount: 0
}
Unread notification count loaded successfully

----------------------------------------

[30 Jul 2026, 12:35:30 pm] INFO
{
  method: 'GET',
  path: '/api/notifications/unread-count'
}

----------------------------------------

[30 Jul 2026, 12:35:30 pm] INFO
{
  userId: 'cmr4iqxbg0005chzweogjavif'
}
Customer requested unread notification count

----------------------------------------

[30 Jul 2026, 12:35:30 pm] INFO
{
  userId: 'cmr4iqxbg0005chzweogjavif',
  unreadCount: 0
}
Unread notification count loaded successfully

----------------------------------------

[30 Jul 2026, 12:35:40 pm] INFO
{
  method: 'GET',
  path: '/api/notifications/unread-count'
}

----------------------------------------

[30 Jul 2026, 12:35:40 pm] INFO
{
  userId: 'cmr4iqxbg0005chzweogjavif'
}
Customer requested unread notification count

----------------------------------------

[30 Jul 2026, 12:35:40 pm] INFO
{
  userId: 'cmr4iqxbg0005chzweogjavif',
  unreadCount: 0
}
Unread notification count loaded successfully

----------------------------------------

[30 Jul 2026, 12:35:50 pm] INFO
{
  method: 'GET',
  path: '/api/notifications/unread-count'
}

----------------------------------------

[30 Jul 2026, 12:35:50 pm] INFO
{
  userId: 'cmr4iqxbg0005chzweogjavif'
}
Customer requested unread notification count

----------------------------------------

[30 Jul 2026, 12:35:50 pm] INFO
{
  userId: 'cmr4iqxbg0005chzweogjavif',
  unreadCount: 0
}
Unread notification count loaded successfully

----------------------------------------

[30 Jul 2026, 12:36:00 pm] INFO
{
  method: 'GET',
  path: '/api/notifications/unread-count'
}

----------------------------------------

[30 Jul 2026, 12:36:00 pm] INFO
{
  userId: 'cmr4iqxbg0005chzweogjavif'
}
Customer requested unread notification count

----------------------------------------

[30 Jul 2026, 12:36:00 pm] INFO
{
  userId: 'cmr4iqxbg0005chzweogjavif',
  unreadCount: 0
}
Unread notification count loaded successfully

----------------------------------------

[30 Jul 2026, 12:36:10 pm] INFO
{
  method: 'GET',
  path: '/api/notifications/unread-count'
}

----------------------------------------

[30 Jul 2026, 12:36:10 pm] INFO
{
  userId: 'cmr4iqxbg0005chzweogjavif'
}
Customer requested unread notification count

----------------------------------------

[30 Jul 2026, 12:36:10 pm] INFO
{
  userId: 'cmr4iqxbg0005chzweogjavif',
  unreadCount: 0
}
Unread notification count loaded successfully

----------------------------------------

[30 Jul 2026, 12:36:20 pm] INFO
{
  method: 'GET',
  path: '/api/notifications/unread-count'
}

----------------------------------------

[30 Jul 2026, 12:36:20 pm] INFO
{
  userId: 'cmr4iqxbg0005chzweogjavif'
}
Customer requested unread notification count

----------------------------------------

[30 Jul 2026, 12:36:20 pm] INFO
{
  userId: 'cmr4iqxbg0005chzweogjavif',
  unreadCount: 0
}
Unread notification count loaded successfully

----------------------------------------

[30 Jul 2026, 12:37:21 pm] INFO
{
  method: 'GET',
  path: '/api/notifications/unread-count'
}

----------------------------------------

[30 Jul 2026, 12:37:21 pm] INFO
{
  userId: 'cmr4iqxbg0005chzweogjavif'
}
Customer requested unread notification count

----------------------------------------

[30 Jul 2026, 12:37:21 pm] INFO
{
  userId: 'cmr4iqxbg0005chzweogjavif',
  unreadCount: 0
}
Unread notification count loaded successfully

----------------------------------------

[30 Jul 2026, 12:37:42 pm] INFO
{
  method: 'GET',
  path: '/provider/dashboard'
}

----------------------------------------

[30 Jul 2026, 12:37:42 pm] INFO
{
  method: 'GET',
  path: '/provider/dashboard'
}

----------------------------------------

[30 Jul 2026, 12:37:43 pm] INFO
{
  method: 'GET',
  path: '/api/notifications/unread-count'
}

----------------------------------------

[30 Jul 2026, 12:37:43 pm] INFO
{
  userId: 'cmr4iqxbg0005chzweogjavif'
}
Customer requested unread notification count

----------------------------------------

[30 Jul 2026, 12:37:43 pm] INFO
{
  userId: 'cmr4iqxbg0005chzweogjavif',
  unreadCount: 0
}
Unread notification count loaded successfully

----------------------------------------

[30 Jul 2026, 12:38:21 pm] INFO
{
  method: 'GET',
  path: '/api/notifications/unread-count'
}

----------------------------------------

[30 Jul 2026, 12:38:21 pm] INFO
{
  userId: 'cmr4iqxbg0005chzweogjavif'
}
Customer requested unread notification count

----------------------------------------

[30 Jul 2026, 12:38:21 pm] INFO
{
  userId: 'cmr4iqxbg0005chzweogjavif',
  unreadCount: 0
}
Unread notification count loaded successfully

----------------------------------------

[30 Jul 2026, 12:38:42 pm] INFO
{
  method: 'GET',
  path: '/provider/dashboard'
}

----------------------------------------

[30 Jul 2026, 12:38:42 pm] INFO
{
  method: 'GET',
  path: '/provider/dashboard'
}

----------------------------------------

[30 Jul 2026, 12:38:43 pm] INFO
{
  method: 'GET',
  path: '/api/notifications/unread-count'
}

----------------------------------------

[30 Jul 2026, 12:38:43 pm] INFO
{
  userId: 'cmr4iqxbg0005chzweogjavif'
}
Customer requested unread notification count

----------------------------------------

[30 Jul 2026, 12:38:43 pm] INFO
{
  userId: 'cmr4iqxbg0005chzweogjavif',
  unreadCount: 0
}
Unread notification count loaded successfully

----------------------------------------

[30 Jul 2026, 12:38:50 pm] INFO
{
  method: 'GET',
  path: '/api/notifications/unread-count'
}

----------------------------------------

[30 Jul 2026, 12:38:50 pm] INFO
{
  userId: 'cmr4iqxbg0005chzweogjavif'
}
Customer requested unread notification count

----------------------------------------

[30 Jul 2026, 12:38:50 pm] INFO
{
  userId: 'cmr4iqxbg0005chzweogjavif',
  unreadCount: 0
}
Unread notification count loaded successfully

----------------------------------------

[30 Jul 2026, 12:38:51 pm] INFO
{
  method: 'GET',
  path: '/provider/notifications'
}

----------------------------------------

[30 Jul 2026, 12:38:51 pm] INFO
{
  method: 'GET',
  path: '/api/notifications'
}

----------------------------------------

[30 Jul 2026, 12:38:51 pm] INFO
{
  userId: 'cmr4iqxbg0005chzweogjavif'
}
Customer requested notifications

----------------------------------------

[30 Jul 2026, 12:38:51 pm] INFO
{
  userId: 'cmr4iqxbg0005chzweogjavif',
  totalNotifications: 0,
  unreadCount: 0
}
Customer notifications loaded successfully

----------------------------------------

[30 Jul 2026, 12:38:51 pm] INFO
{
  method: 'GET',
  path: '/api/notifications'
}

----------------------------------------

[30 Jul 2026, 12:38:51 pm] INFO
{
  userId: 'cmr4iqxbg0005chzweogjavif'
}
Customer requested notifications

----------------------------------------

[30 Jul 2026, 12:38:51 pm] INFO
{
  userId: 'cmr4iqxbg0005chzweogjavif',
  totalNotifications: 0,
  unreadCount: 0
}
Customer notifications loaded successfully

----------------------------------------

[30 Jul 2026, 12:38:57 pm] INFO
{
  method: 'GET',
  path: '/provider/dashboard'
}

----------------------------------------

[30 Jul 2026, 12:38:57 pm] INFO
{
  method: 'GET',
  path: '/api/provider/jobs'
}

----------------------------------------

[30 Jul 2026, 12:38:57 pm] INFO
{
  userId: 'cmr4iqxbg0005chzweogjavif',
  page: 1,
  limit: 5
}
Provider requested dashboard

----------------------------------------

[30 Jul 2026, 12:38:57 pm] INFO
{
  userId: 'cmr4iqxbg0005chzweogjavif',
  availableJobs: 6,
  pendingBids: 1,
  assignedJobs: 1,
  reviewCount: 3,
  totalItems: 6,
  page: 1
}
Provider dashboard loaded successfully

----------------------------------------

[30 Jul 2026, 12:38:57 pm] INFO
{
  method: 'GET',
  path: '/api/provider/jobs'
}

----------------------------------------

[30 Jul 2026, 12:38:57 pm] INFO
{
  userId: 'cmr4iqxbg0005chzweogjavif',
  page: 1,
  limit: 5
}
Provider requested dashboard

----------------------------------------

[30 Jul 2026, 12:38:57 pm] INFO
{
  userId: 'cmr4iqxbg0005chzweogjavif',
  availableJobs: 6,
  pendingBids: 1,
  assignedJobs: 1,
  reviewCount: 3,
  totalItems: 6,
  page: 1
}
Provider dashboard loaded successfully

----------------------------------------

[30 Jul 2026, 12:38:59 pm] INFO
{
  method: 'GET',
  path: '/api/notifications/unread-count'
}

----------------------------------------

[30 Jul 2026, 12:38:59 pm] INFO
{
  userId: 'cmr4iqxbg0005chzweogjavif'
}
Customer requested unread notification count

----------------------------------------

[30 Jul 2026, 12:38:59 pm] INFO
{
  userId: 'cmr4iqxbg0005chzweogjavif',
  unreadCount: 0
}
Unread notification count loaded successfully

----------------------------------------

[30 Jul 2026, 12:39:09 pm] INFO
{
  method: 'GET',
  path: '/api/notifications/unread-count'
}

----------------------------------------

[30 Jul 2026, 12:39:09 pm] INFO
{
  userId: 'cmr4iqxbg0005chzweogjavif'
}
Customer requested unread notification count

----------------------------------------

[30 Jul 2026, 12:39:09 pm] INFO
{
  userId: 'cmr4iqxbg0005chzweogjavif',
  unreadCount: 0
}
Unread notification count loaded successfully

----------------------------------------

[30 Jul 2026, 12:39:20 pm] INFO
{
  method: 'GET',
  path: '/api/notifications/unread-count'
}

----------------------------------------

[30 Jul 2026, 12:39:20 pm] INFO
{
  userId: 'cmr4iqxbg0005chzweogjavif'
}
Customer requested unread notification count

----------------------------------------

[30 Jul 2026, 12:39:20 pm] INFO
{
  userId: 'cmr4iqxbg0005chzweogjavif',
  unreadCount: 0
}
Unread notification count loaded successfully

----------------------------------------

[30 Jul 2026, 12:39:30 pm] INFO
{
  method: 'GET',
  path: '/api/notifications/unread-count'
}

----------------------------------------

[30 Jul 2026, 12:39:30 pm] INFO
{
  userId: 'cmr4iqxbg0005chzweogjavif'
}
Customer requested unread notification count

----------------------------------------

[30 Jul 2026, 12:39:30 pm] INFO
{
  userId: 'cmr4iqxbg0005chzweogjavif',
  unreadCount: 0
}
Unread notification count loaded successfully

----------------------------------------

[30 Jul 2026, 12:39:40 pm] INFO
{
  method: 'GET',
  path: '/api/notifications/unread-count'
}

----------------------------------------

[30 Jul 2026, 12:39:40 pm] INFO
{
  userId: 'cmr4iqxbg0005chzweogjavif'
}
Customer requested unread notification count

----------------------------------------

[30 Jul 2026, 12:39:40 pm] INFO
{
  userId: 'cmr4iqxbg0005chzweogjavif',
  unreadCount: 0
}
Unread notification count loaded successfully

----------------------------------------

[30 Jul 2026, 12:39:50 pm] INFO
{
  method: 'GET',
  path: '/api/notifications/unread-count'
}

----------------------------------------

[30 Jul 2026, 12:39:50 pm] INFO
{
  userId: 'cmr4iqxbg0005chzweogjavif'
}
Customer requested unread notification count

----------------------------------------

[30 Jul 2026, 12:39:50 pm] INFO
{
  userId: 'cmr4iqxbg0005chzweogjavif',
  unreadCount: 0
}
Unread notification count loaded successfully

----------------------------------------

[30 Jul 2026, 12:40:00 pm] INFO
{
  method: 'GET',
  path: '/api/notifications/unread-count'
}

----------------------------------------

[30 Jul 2026, 12:40:00 pm] INFO
{
  userId: 'cmr4iqxbg0005chzweogjavif'
}
Customer requested unread notification count

----------------------------------------

[30 Jul 2026, 12:40:00 pm] INFO
{
  userId: 'cmr4iqxbg0005chzweogjavif',
  unreadCount: 0
}
Unread notification count loaded successfully

----------------------------------------

[30 Jul 2026, 12:40:10 pm] INFO
{
  method: 'GET',
  path: '/api/notifications/unread-count'
}

----------------------------------------

[30 Jul 2026, 12:40:10 pm] INFO
{
  userId: 'cmr4iqxbg0005chzweogjavif'
}
Customer requested unread notification count

----------------------------------------

[30 Jul 2026, 12:40:10 pm] INFO
{
  userId: 'cmr4iqxbg0005chzweogjavif',
  unreadCount: 0
}
Unread notification count loaded successfully

----------------------------------------

[30 Jul 2026, 12:40:21 pm] INFO
{
  method: 'GET',
  path: '/api/notifications/unread-count'
}

----------------------------------------

[30 Jul 2026, 12:40:21 pm] INFO
{
  userId: 'cmr4iqxbg0005chzweogjavif'
}
Customer requested unread notification count

----------------------------------------

[30 Jul 2026, 12:40:21 pm] INFO
{
  userId: 'cmr4iqxbg0005chzweogjavif',
  unreadCount: 0
}
Unread notification count loaded successfully

----------------------------------------

[30 Jul 2026, 12:41:21 pm] INFO
{
  method: 'GET',
  path: '/api/notifications/unread-count'
}

----------------------------------------

[30 Jul 2026, 12:41:21 pm] INFO
{
  userId: 'cmr4iqxbg0005chzweogjavif'
}
Customer requested unread notification count

----------------------------------------

[30 Jul 2026, 12:41:21 pm] INFO
{
  userId: 'cmr4iqxbg0005chzweogjavif',
  unreadCount: 0
}
Unread notification count loaded successfully

----------------------------------------

[30 Jul 2026, 12:42:21 pm] INFO
{
  method: 'GET',
  path: '/api/notifications/unread-count'
}

----------------------------------------

[30 Jul 2026, 12:42:21 pm] INFO
{
  userId: 'cmr4iqxbg0005chzweogjavif'
}
Customer requested unread notification count

----------------------------------------

[30 Jul 2026, 12:42:21 pm] INFO
{
  userId: 'cmr4iqxbg0005chzweogjavif',
  unreadCount: 0
}
Unread notification count loaded successfully

----------------------------------------

[30 Jul 2026, 12:43:17 pm] INFO
{
  method: 'GET',
  path: '/provider/dashboard'
}

----------------------------------------

[30 Jul 2026, 12:43:17 pm] INFO
{
  method: 'GET',
  path: '/provider/dashboard'
}

----------------------------------------

[30 Jul 2026, 12:43:18 pm] INFO
{
  method: 'GET',
  path: '/api/notifications/unread-count'
}

----------------------------------------

[30 Jul 2026, 12:43:18 pm] INFO
{
  userId: 'cmr4iqxbg0005chzweogjavif'
}
Customer requested unread notification count

----------------------------------------

[30 Jul 2026, 12:43:18 pm] INFO
{
  userId: 'cmr4iqxbg0005chzweogjavif',
  unreadCount: 0
}
Unread notification count loaded successfully

----------------------------------------

[30 Jul 2026, 12:43:20 pm] INFO
{
  method: 'GET',
  path: '/api/notifications/unread-count'
}

----------------------------------------

[30 Jul 2026, 12:43:20 pm] INFO
{
  userId: 'cmr4iqxbg0005chzweogjavif'
}
Customer requested unread notification count

----------------------------------------

[30 Jul 2026, 12:43:20 pm] INFO
{
  userId: 'cmr4iqxbg0005chzweogjavif',
  unreadCount: 0
}
Unread notification count loaded successfully

----------------------------------------

[30 Jul 2026, 12:43:31 pm] INFO
{
  method: 'GET',
  path: '/api/notifications/unread-count'
}

----------------------------------------

[30 Jul 2026, 12:43:31 pm] INFO
{
  userId: 'cmr4iqxbg0005chzweogjavif'
}
Customer requested unread notification count

----------------------------------------

[30 Jul 2026, 12:43:31 pm] INFO
{
  userId: 'cmr4iqxbg0005chzweogjavif',
  unreadCount: 0
}
Unread notification count loaded successfully

----------------------------------------

[30 Jul 2026, 12:43:32 pm] INFO
{
  method: 'GET',
  path: '/provider/dashboard'
}

----------------------------------------

[30 Jul 2026, 12:43:32 pm] INFO
{
  method: 'GET',
  path: '/api/provider/jobs'
}

----------------------------------------

[30 Jul 2026, 12:43:32 pm] INFO
{
  method: 'GET',
  path: '/api/notifications/unread-count'
}

----------------------------------------

[30 Jul 2026, 12:43:32 pm] INFO
{
  method: 'GET',
  path: '/api/user-profile'
}

----------------------------------------

[30 Jul 2026, 12:43:32 pm] INFO
{
  userId: 'cmr4iqxbg0005chzweogjavif',
  page: 1,
  limit: 5
}
Provider requested dashboard

----------------------------------------

[30 Jul 2026, 12:43:32 pm] INFO
Fetching user details

----------------------------------------

[30 Jul 2026, 12:43:32 pm] INFO
{
  userId: 'cmr4iqxbg0005chzweogjavif'
}
Customer requested unread notification count

----------------------------------------

[30 Jul 2026, 12:43:32 pm] INFO
{
  userId: 'cmr4iqxbg0005chzweogjavif',
  unreadCount: 0
}
Unread notification count loaded successfully

----------------------------------------

[30 Jul 2026, 12:43:32 pm] INFO
User details fetched successfully

----------------------------------------

[30 Jul 2026, 12:43:32 pm] INFO
{
  userId: 'cmr4iqxbg0005chzweogjavif',
  availableJobs: 6,
  pendingBids: 1,
  assignedJobs: 1,
  reviewCount: 3,
  totalItems: 6,
  page: 1
}
Provider dashboard loaded successfully

----------------------------------------

[30 Jul 2026, 12:43:34 pm] INFO
{
  method: 'GET',
  path: '/provider/reviews'
}

----------------------------------------

[30 Jul 2026, 12:43:34 pm] INFO
{
  method: 'GET',
  path: '/api/provider/reviews'
}

----------------------------------------

[30 Jul 2026, 12:43:34 pm] INFO
{
  userId: 'cmr4iqxbg0005chzweogjavif'
}
Provider requested reviews

----------------------------------------

[30 Jul 2026, 12:43:34 pm] INFO
{
  userId: 'cmr4iqxbg0005chzweogjavif',
  totalReviews: 3,
  averageRating: 4.3
}
Provider reviews loaded successfully

----------------------------------------

[30 Jul 2026, 12:43:34 pm] INFO
{
  method: 'GET',
  path: '/api/provider/reviews'
}

----------------------------------------

[30 Jul 2026, 12:43:34 pm] INFO
{
  userId: 'cmr4iqxbg0005chzweogjavif'
}
Provider requested reviews

----------------------------------------

[30 Jul 2026, 12:43:34 pm] INFO
{
  userId: 'cmr4iqxbg0005chzweogjavif',
  totalReviews: 3,
  averageRating: 4.3
}
Provider reviews loaded successfully

----------------------------------------

[30 Jul 2026, 12:43:42 pm] INFO
{
  method: 'GET',
  path: '/api/notifications/unread-count'
}

----------------------------------------

[30 Jul 2026, 12:43:42 pm] INFO
{
  userId: 'cmr4iqxbg0005chzweogjavif'
}
Customer requested unread notification count

----------------------------------------

[30 Jul 2026, 12:43:42 pm] INFO
{
  userId: 'cmr4iqxbg0005chzweogjavif',
  unreadCount: 0
}
Unread notification count loaded successfully

----------------------------------------

[30 Jul 2026, 12:43:52 pm] INFO
{
  method: 'GET',
  path: '/api/notifications/unread-count'
}

----------------------------------------

[30 Jul 2026, 12:43:52 pm] INFO
{
  userId: 'cmr4iqxbg0005chzweogjavif'
}
Customer requested unread notification count

----------------------------------------

[30 Jul 2026, 12:43:52 pm] INFO
{
  userId: 'cmr4iqxbg0005chzweogjavif',
  unreadCount: 0
}
Unread notification count loaded successfully

----------------------------------------

[30 Jul 2026, 12:44:02 pm] INFO
{
  method: 'GET',
  path: '/api/notifications/unread-count'
}

----------------------------------------

[30 Jul 2026, 12:44:02 pm] INFO
{
  userId: 'cmr4iqxbg0005chzweogjavif'
}
Customer requested unread notification count

----------------------------------------

[30 Jul 2026, 12:44:02 pm] INFO
{
  userId: 'cmr4iqxbg0005chzweogjavif',
  unreadCount: 0
}
Unread notification count loaded successfully

----------------------------------------

[30 Jul 2026, 12:44:13 pm] INFO
{
  method: 'GET',
  path: '/api/notifications/unread-count'
}

----------------------------------------

[30 Jul 2026, 12:44:13 pm] INFO
{
  userId: 'cmr4iqxbg0005chzweogjavif'
}
Customer requested unread notification count

----------------------------------------

[30 Jul 2026, 12:44:13 pm] INFO
{
  userId: 'cmr4iqxbg0005chzweogjavif',
  unreadCount: 0
}
Unread notification count loaded successfully

----------------------------------------

[30 Jul 2026, 12:44:23 pm] INFO
{
  method: 'GET',
  path: '/api/notifications/unread-count'
}

----------------------------------------

[30 Jul 2026, 12:44:23 pm] INFO
{
  userId: 'cmr4iqxbg0005chzweogjavif'
}
Customer requested unread notification count

----------------------------------------

[30 Jul 2026, 12:44:23 pm] INFO
{
  userId: 'cmr4iqxbg0005chzweogjavif',
  unreadCount: 0
}
Unread notification count loaded successfully

----------------------------------------

[30 Jul 2026, 12:44:33 pm] INFO
{
  method: 'GET',
  path: '/api/notifications/unread-count'
}

----------------------------------------

[30 Jul 2026, 12:44:33 pm] INFO
{
  userId: 'cmr4iqxbg0005chzweogjavif'
}
Customer requested unread notification count

----------------------------------------

[30 Jul 2026, 12:44:33 pm] INFO
{
  userId: 'cmr4iqxbg0005chzweogjavif',
  unreadCount: 0
}
Unread notification count loaded successfully

----------------------------------------

[30 Jul 2026, 12:44:43 pm] INFO
{
  method: 'GET',
  path: '/api/notifications/unread-count'
}

----------------------------------------

[30 Jul 2026, 12:44:43 pm] INFO
{
  userId: 'cmr4iqxbg0005chzweogjavif'
}
Customer requested unread notification count

----------------------------------------

[30 Jul 2026, 12:44:43 pm] INFO
{
  userId: 'cmr4iqxbg0005chzweogjavif',
  unreadCount: 0
}
Unread notification count loaded successfully

----------------------------------------

[30 Jul 2026, 12:44:53 pm] INFO
{
  method: 'GET',
  path: '/api/notifications/unread-count'
}

----------------------------------------

[30 Jul 2026, 12:44:53 pm] INFO
{
  userId: 'cmr4iqxbg0005chzweogjavif'
}
Customer requested unread notification count

----------------------------------------

[30 Jul 2026, 12:44:53 pm] INFO
{
  userId: 'cmr4iqxbg0005chzweogjavif',
  unreadCount: 0
}
Unread notification count loaded successfully

----------------------------------------

[30 Jul 2026, 12:45:03 pm] INFO
{
  method: 'GET',
  path: '/api/notifications/unread-count'
}

----------------------------------------

[30 Jul 2026, 12:45:03 pm] INFO
{
  userId: 'cmr4iqxbg0005chzweogjavif'
}
Customer requested unread notification count

----------------------------------------

[30 Jul 2026, 12:45:03 pm] INFO
{
  userId: 'cmr4iqxbg0005chzweogjavif',
  unreadCount: 0
}
Unread notification count loaded successfully

----------------------------------------

[30 Jul 2026, 12:45:21 pm] INFO
{
  method: 'GET',
  path: '/api/notifications/unread-count'
}

----------------------------------------

[30 Jul 2026, 12:45:21 pm] INFO
{
  userId: 'cmr4iqxbg0005chzweogjavif'
}
Customer requested unread notification count

----------------------------------------

[30 Jul 2026, 12:45:21 pm] INFO
{
  userId: 'cmr4iqxbg0005chzweogjavif',
  unreadCount: 0
}
Unread notification count loaded successfully

----------------------------------------

[30 Jul 2026, 12:46:21 pm] INFO
{
  method: 'GET',
  path: '/api/notifications/unread-count'
}

----------------------------------------

[30 Jul 2026, 12:46:21 pm] INFO
{
  userId: 'cmr4iqxbg0005chzweogjavif'
}
Customer requested unread notification count

----------------------------------------

[30 Jul 2026, 12:46:21 pm] INFO
{
  userId: 'cmr4iqxbg0005chzweogjavif',
  unreadCount: 0
}
Unread notification count loaded successfully

----------------------------------------

[30 Jul 2026, 12:46:22 pm] INFO
{
  method: 'GET',
  path: '/provider/reviews'
}

----------------------------------------

[30 Jul 2026, 12:46:22 pm] INFO
{
  method: 'GET',
  path: '/provider/reviews'
}

----------------------------------------

[30 Jul 2026, 12:46:23 pm] INFO
{
  method: 'GET',
  path: '/api/notifications/unread-count'
}

----------------------------------------

[30 Jul 2026, 12:46:23 pm] INFO
{
  userId: 'cmr4iqxbg0005chzweogjavif'
}
Customer requested unread notification count

----------------------------------------

[30 Jul 2026, 12:46:23 pm] INFO
{
  userId: 'cmr4iqxbg0005chzweogjavif',
  unreadCount: 0
}
Unread notification count loaded successfully

----------------------------------------

[30 Jul 2026, 12:46:26 pm] INFO
{
  method: 'GET',
  path: '/provider/reviews'
}

----------------------------------------

[30 Jul 2026, 12:46:27 pm] INFO
{
  method: 'GET',
  path: '/api/provider/reviews'
}

----------------------------------------

[30 Jul 2026, 12:46:27 pm] INFO
{
  method: 'GET',
  path: '/api/notifications/unread-count'
}

----------------------------------------

[30 Jul 2026, 12:46:27 pm] INFO
{
  method: 'GET',
  path: '/api/user-profile'
}

----------------------------------------

[30 Jul 2026, 12:46:27 pm] INFO
{
  userId: 'cmr4iqxbg0005chzweogjavif'
}
Provider requested reviews

----------------------------------------

[30 Jul 2026, 12:46:27 pm] INFO
Fetching user details

----------------------------------------

[30 Jul 2026, 12:46:27 pm] INFO
{
  userId: 'cmr4iqxbg0005chzweogjavif'
}
Customer requested unread notification count

----------------------------------------

[30 Jul 2026, 12:46:27 pm] INFO
{
  userId: 'cmr4iqxbg0005chzweogjavif',
  unreadCount: 0
}
Unread notification count loaded successfully

----------------------------------------

[30 Jul 2026, 12:46:27 pm] INFO
User details fetched successfully

----------------------------------------

[30 Jul 2026, 12:46:27 pm] INFO
{
  userId: 'cmr4iqxbg0005chzweogjavif',
  totalReviews: 3,
  averageRating: 4.3
}
Provider reviews loaded successfully

----------------------------------------

[30 Jul 2026, 12:46:29 pm] INFO
{
  method: 'GET',
  path: '/provider/security'
}

----------------------------------------

[30 Jul 2026, 12:46:32 pm] INFO
{
  method: 'POST',
  path: '/api/2fa/setup'
}

----------------------------------------

[30 Jul 2026, 12:46:35 pm] INFO
{
  method: 'GET',
  path: '/provider/profile'
}

----------------------------------------

[30 Jul 2026, 12:46:36 pm] INFO
{
  method: 'GET',
  path: '/api/provider/settings'
}

----------------------------------------

[30 Jul 2026, 12:46:36 pm] INFO
{
  userId: 'cmr4iqxbg0005chzweogjavif'
}
Provider requested settings

----------------------------------------

[30 Jul 2026, 12:46:36 pm] INFO
{
  userId: 'cmr4iqxbg0005chzweogjavif',
  certificationCount: 2,
  categoryCount: 3
}
Provider settings loaded successfully

----------------------------------------

[30 Jul 2026, 12:46:36 pm] INFO
{
  method: 'GET',
  path: '/api/provider/settings'
}

----------------------------------------

[30 Jul 2026, 12:46:36 pm] INFO
{
  userId: 'cmr4iqxbg0005chzweogjavif'
}
Provider requested settings

----------------------------------------

[30 Jul 2026, 12:46:36 pm] INFO
{
  userId: 'cmr4iqxbg0005chzweogjavif',
  certificationCount: 2,
  categoryCount: 3
}
Provider settings loaded successfully

----------------------------------------

[30 Jul 2026, 12:46:37 pm] INFO
{
  method: 'GET',
  path: '/api/notifications/unread-count'
}

----------------------------------------

[30 Jul 2026, 12:46:37 pm] INFO
{
  userId: 'cmr4iqxbg0005chzweogjavif'
}
Customer requested unread notification count

----------------------------------------

[30 Jul 2026, 12:46:37 pm] INFO
{
  userId: 'cmr4iqxbg0005chzweogjavif',
  unreadCount: 0
}
Unread notification count loaded successfully

----------------------------------------

[30 Jul 2026, 12:46:38 pm] INFO
{
  method: 'GET',
  path: '/provider/security'
}

----------------------------------------

[30 Jul 2026, 12:46:39 pm] INFO
{
  method: 'GET',
  path: '/provider/profile'
}

----------------------------------------

[30 Jul 2026, 12:46:39 pm] INFO
{
  method: 'GET',
  path: '/api/provider/settings'
}

----------------------------------------

[30 Jul 2026, 12:46:39 pm] INFO
{
  userId: 'cmr4iqxbg0005chzweogjavif'
}
Provider requested settings

----------------------------------------

[30 Jul 2026, 12:46:39 pm] INFO
{
  userId: 'cmr4iqxbg0005chzweogjavif',
  certificationCount: 2,
  categoryCount: 3
}
Provider settings loaded successfully

----------------------------------------

[30 Jul 2026, 12:46:39 pm] INFO
{
  method: 'GET',
  path: '/api/provider/settings'
}

----------------------------------------

[30 Jul 2026, 12:46:39 pm] INFO
{
  userId: 'cmr4iqxbg0005chzweogjavif'
}
Provider requested settings

----------------------------------------

[30 Jul 2026, 12:46:39 pm] INFO
{
  userId: 'cmr4iqxbg0005chzweogjavif',
  certificationCount: 2,
  categoryCount: 3
}
Provider settings loaded successfully

----------------------------------------

[30 Jul 2026, 12:46:47 pm] INFO
{
  method: 'GET',
  path: '/api/notifications/unread-count'
}

----------------------------------------

[30 Jul 2026, 12:46:47 pm] INFO
{
  userId: 'cmr4iqxbg0005chzweogjavif'
}
Customer requested unread notification count

----------------------------------------

[30 Jul 2026, 12:46:47 pm] INFO
{
  userId: 'cmr4iqxbg0005chzweogjavif',
  unreadCount: 0
}
Unread notification count loaded successfully

----------------------------------------

[30 Jul 2026, 12:46:57 pm] INFO
{
  method: 'GET',
  path: '/api/notifications/unread-count'
}

----------------------------------------

[30 Jul 2026, 12:46:57 pm] INFO
{
  userId: 'cmr4iqxbg0005chzweogjavif'
}
Customer requested unread notification count

----------------------------------------

[30 Jul 2026, 12:46:57 pm] INFO
{
  userId: 'cmr4iqxbg0005chzweogjavif',
  unreadCount: 0
}
Unread notification count loaded successfully

----------------------------------------

[30 Jul 2026, 12:47:07 pm] INFO
{
  method: 'GET',
  path: '/api/notifications/unread-count'
}

----------------------------------------

[30 Jul 2026, 12:47:07 pm] INFO
{
  userId: 'cmr4iqxbg0005chzweogjavif'
}
Customer requested unread notification count

----------------------------------------

[30 Jul 2026, 12:47:07 pm] INFO
{
  userId: 'cmr4iqxbg0005chzweogjavif',
  unreadCount: 0
}
Unread notification count loaded successfully

----------------------------------------

[30 Jul 2026, 12:47:17 pm] INFO
{
  method: 'GET',
  path: '/api/notifications/unread-count'
}

----------------------------------------

[30 Jul 2026, 12:47:17 pm] INFO
{
  userId: 'cmr4iqxbg0005chzweogjavif'
}
Customer requested unread notification count

----------------------------------------

[30 Jul 2026, 12:47:17 pm] INFO
{
  userId: 'cmr4iqxbg0005chzweogjavif',
  unreadCount: 0
}
Unread notification count loaded successfully

----------------------------------------

[30 Jul 2026, 12:47:27 pm] INFO
{
  method: 'GET',
  path: '/api/notifications/unread-count'
}

----------------------------------------

[30 Jul 2026, 12:47:27 pm] INFO
{
  userId: 'cmr4iqxbg0005chzweogjavif'
}
Customer requested unread notification count

----------------------------------------

[30 Jul 2026, 12:47:27 pm] INFO
{
  userId: 'cmr4iqxbg0005chzweogjavif',
  unreadCount: 0
}
Unread notification count loaded successfully

----------------------------------------

[30 Jul 2026, 12:47:37 pm] INFO
{
  method: 'GET',
  path: '/api/notifications/unread-count'
}

----------------------------------------

[30 Jul 2026, 12:47:37 pm] INFO
{
  userId: 'cmr4iqxbg0005chzweogjavif'
}
Customer requested unread notification count

----------------------------------------

[30 Jul 2026, 12:47:37 pm] INFO
{
  userId: 'cmr4iqxbg0005chzweogjavif',
  unreadCount: 0
}
Unread notification count loaded successfully

----------------------------------------

[30 Jul 2026, 12:47:47 pm] INFO
{
  method: 'GET',
  path: '/api/notifications/unread-count'
}

----------------------------------------

[30 Jul 2026, 12:47:47 pm] INFO
{
  userId: 'cmr4iqxbg0005chzweogjavif'
}
Customer requested unread notification count

----------------------------------------

[30 Jul 2026, 12:47:47 pm] INFO
{
  userId: 'cmr4iqxbg0005chzweogjavif',
  unreadCount: 0
}
Unread notification count loaded successfully

----------------------------------------

[30 Jul 2026, 12:47:57 pm] INFO
{
  method: 'GET',
  path: '/api/notifications/unread-count'
}

----------------------------------------

[30 Jul 2026, 12:47:57 pm] INFO
{
  userId: 'cmr4iqxbg0005chzweogjavif'
}
Customer requested unread notification count

----------------------------------------

[30 Jul 2026, 12:47:57 pm] INFO
{
  userId: 'cmr4iqxbg0005chzweogjavif',
  unreadCount: 0
}
Unread notification count loaded successfully

----------------------------------------

[30 Jul 2026, 12:48:07 pm] INFO
{
  method: 'GET',
  path: '/api/notifications/unread-count'
}

----------------------------------------

[30 Jul 2026, 12:48:07 pm] INFO
{
  userId: 'cmr4iqxbg0005chzweogjavif'
}
Customer requested unread notification count

----------------------------------------

[30 Jul 2026, 12:48:07 pm] INFO
{
  userId: 'cmr4iqxbg0005chzweogjavif',
  unreadCount: 0
}
Unread notification count loaded successfully

----------------------------------------

[30 Jul 2026, 12:48:17 pm] INFO
{
  method: 'GET',
  path: '/api/notifications/unread-count'
}

----------------------------------------

[30 Jul 2026, 12:48:17 pm] INFO
{
  userId: 'cmr4iqxbg0005chzweogjavif'
}
Customer requested unread notification count

----------------------------------------

[30 Jul 2026, 12:48:17 pm] INFO
{
  userId: 'cmr4iqxbg0005chzweogjavif',
  unreadCount: 0
}
Unread notification count loaded successfully

----------------------------------------

[30 Jul 2026, 12:48:27 pm] INFO
{
  method: 'GET',
  path: '/api/notifications/unread-count'
}

----------------------------------------

[30 Jul 2026, 12:48:27 pm] INFO
{
  userId: 'cmr4iqxbg0005chzweogjavif'
}
Customer requested unread notification count

----------------------------------------

[30 Jul 2026, 12:48:27 pm] INFO
{
  userId: 'cmr4iqxbg0005chzweogjavif',
  unreadCount: 0
}
Unread notification count loaded successfully

----------------------------------------

[30 Jul 2026, 12:48:37 pm] INFO
{
  method: 'GET',
  path: '/api/notifications/unread-count'
}

----------------------------------------

[30 Jul 2026, 12:48:37 pm] INFO
{
  userId: 'cmr4iqxbg0005chzweogjavif'
}
Customer requested unread notification count

----------------------------------------

[30 Jul 2026, 12:48:37 pm] INFO
{
  userId: 'cmr4iqxbg0005chzweogjavif',
  unreadCount: 0
}
Unread notification count loaded successfully

----------------------------------------

[30 Jul 2026, 12:48:47 pm] INFO
{
  method: 'GET',
  path: '/api/notifications/unread-count'
}

----------------------------------------

[30 Jul 2026, 12:48:47 pm] INFO
{
  userId: 'cmr4iqxbg0005chzweogjavif'
}
Customer requested unread notification count

----------------------------------------

[30 Jul 2026, 12:48:47 pm] INFO
{
  userId: 'cmr4iqxbg0005chzweogjavif',
  unreadCount: 0
}
Unread notification count loaded successfully

----------------------------------------

[30 Jul 2026, 12:48:57 pm] INFO
{
  method: 'GET',
  path: '/api/notifications/unread-count'
}

----------------------------------------

[30 Jul 2026, 12:48:57 pm] INFO
{
  userId: 'cmr4iqxbg0005chzweogjavif'
}
Customer requested unread notification count

----------------------------------------

[30 Jul 2026, 12:48:57 pm] INFO
{
  userId: 'cmr4iqxbg0005chzweogjavif',
  unreadCount: 0
}
Unread notification count loaded successfully

----------------------------------------

[30 Jul 2026, 12:49:07 pm] INFO
{
  method: 'GET',
  path: '/api/notifications/unread-count'
}

----------------------------------------

[30 Jul 2026, 12:49:07 pm] INFO
{
  userId: 'cmr4iqxbg0005chzweogjavif'
}
Customer requested unread notification count

----------------------------------------

[30 Jul 2026, 12:49:07 pm] INFO
{
  userId: 'cmr4iqxbg0005chzweogjavif',
  unreadCount: 0
}
Unread notification count loaded successfully

----------------------------------------

[30 Jul 2026, 12:49:17 pm] INFO
{
  method: 'GET',
  path: '/api/notifications/unread-count'
}

----------------------------------------

[30 Jul 2026, 12:49:17 pm] INFO
{
  userId: 'cmr4iqxbg0005chzweogjavif'
}
Customer requested unread notification count

----------------------------------------

[30 Jul 2026, 12:49:17 pm] INFO
{
  userId: 'cmr4iqxbg0005chzweogjavif',
  unreadCount: 0
}
Unread notification count loaded successfully

----------------------------------------

[30 Jul 2026, 12:49:27 pm] INFO
{
  method: 'GET',
  path: '/api/notifications/unread-count'
}

----------------------------------------

[30 Jul 2026, 12:49:27 pm] INFO
{
  userId: 'cmr4iqxbg0005chzweogjavif'
}
Customer requested unread notification count

----------------------------------------

[30 Jul 2026, 12:49:27 pm] INFO
{
  userId: 'cmr4iqxbg0005chzweogjavif',
  unreadCount: 0
}
Unread notification count loaded successfully

----------------------------------------

[30 Jul 2026, 12:49:37 pm] INFO
{
  method: 'GET',
  path: '/api/notifications/unread-count'
}

----------------------------------------

[30 Jul 2026, 12:49:37 pm] INFO
{
  userId: 'cmr4iqxbg0005chzweogjavif'
}
Customer requested unread notification count

----------------------------------------

[30 Jul 2026, 12:49:37 pm] INFO
{
  userId: 'cmr4iqxbg0005chzweogjavif',
  unreadCount: 0
}
Unread notification count loaded successfully

----------------------------------------

[30 Jul 2026, 12:49:47 pm] INFO
{
  method: 'GET',
  path: '/api/notifications/unread-count'
}

----------------------------------------

[30 Jul 2026, 12:49:47 pm] INFO
{
  userId: 'cmr4iqxbg0005chzweogjavif'
}
Customer requested unread notification count

----------------------------------------

[30 Jul 2026, 12:49:47 pm] INFO
{
  userId: 'cmr4iqxbg0005chzweogjavif',
  unreadCount: 0
}
Unread notification count loaded successfully

----------------------------------------

[30 Jul 2026, 12:49:57 pm] INFO
{
  method: 'GET',
  path: '/api/notifications/unread-count'
}

----------------------------------------

[30 Jul 2026, 12:49:57 pm] INFO
{
  userId: 'cmr4iqxbg0005chzweogjavif'
}
Customer requested unread notification count

----------------------------------------

[30 Jul 2026, 12:49:57 pm] INFO
{
  userId: 'cmr4iqxbg0005chzweogjavif',
  unreadCount: 0
}
Unread notification count loaded successfully

----------------------------------------

[30 Jul 2026, 12:50:07 pm] INFO
{
  method: 'GET',
  path: '/api/notifications/unread-count'
}

----------------------------------------

[30 Jul 2026, 12:50:07 pm] INFO
{
  userId: 'cmr4iqxbg0005chzweogjavif'
}
Customer requested unread notification count

----------------------------------------

[30 Jul 2026, 12:50:07 pm] INFO
{
  userId: 'cmr4iqxbg0005chzweogjavif',
  unreadCount: 0
}
Unread notification count loaded successfully

----------------------------------------

[30 Jul 2026, 12:50:17 pm] INFO
{
  method: 'GET',
  path: '/api/notifications/unread-count'
}

----------------------------------------

[30 Jul 2026, 12:50:17 pm] INFO
{
  userId: 'cmr4iqxbg0005chzweogjavif'
}
Customer requested unread notification count

----------------------------------------

[30 Jul 2026, 12:50:17 pm] INFO
{
  userId: 'cmr4iqxbg0005chzweogjavif',
  unreadCount: 0
}
Unread notification count loaded successfully

----------------------------------------

[30 Jul 2026, 12:50:27 pm] INFO
{
  method: 'GET',
  path: '/api/notifications/unread-count'
}

----------------------------------------

[30 Jul 2026, 12:50:27 pm] INFO
{
  userId: 'cmr4iqxbg0005chzweogjavif'
}
Customer requested unread notification count

----------------------------------------

[30 Jul 2026, 12:50:27 pm] INFO
{
  userId: 'cmr4iqxbg0005chzweogjavif',
  unreadCount: 0
}
Unread notification count loaded successfully

----------------------------------------

[30 Jul 2026, 12:50:37 pm] INFO
{
  method: 'GET',
  path: '/api/notifications/unread-count'
}

----------------------------------------

[30 Jul 2026, 12:50:37 pm] INFO
{
  userId: 'cmr4iqxbg0005chzweogjavif'
}
Customer requested unread notification count

----------------------------------------

[30 Jul 2026, 12:50:37 pm] INFO
{
  userId: 'cmr4iqxbg0005chzweogjavif',
  unreadCount: 0
}
Unread notification count loaded successfully

----------------------------------------

[30 Jul 2026, 12:50:47 pm] INFO
{
  method: 'GET',
  path: '/api/notifications/unread-count'
}

----------------------------------------

[30 Jul 2026, 12:50:47 pm] INFO
{
  userId: 'cmr4iqxbg0005chzweogjavif'
}
Customer requested unread notification count

----------------------------------------

[30 Jul 2026, 12:50:47 pm] INFO
{
  userId: 'cmr4iqxbg0005chzweogjavif',
  unreadCount: 0
}
Unread notification count loaded successfully

----------------------------------------

[30 Jul 2026, 12:50:57 pm] INFO
{
  method: 'GET',
  path: '/api/notifications/unread-count'
}

----------------------------------------

[30 Jul 2026, 12:50:57 pm] INFO
{
  userId: 'cmr4iqxbg0005chzweogjavif'
}
Customer requested unread notification count

----------------------------------------

[30 Jul 2026, 12:50:57 pm] INFO
{
  userId: 'cmr4iqxbg0005chzweogjavif',
  unreadCount: 0
}
Unread notification count loaded successfully

----------------------------------------

[30 Jul 2026, 12:51:07 pm] INFO
{
  method: 'GET',
  path: '/api/notifications/unread-count'
}

----------------------------------------

[30 Jul 2026, 12:51:07 pm] INFO
{
  userId: 'cmr4iqxbg0005chzweogjavif'
}
Customer requested unread notification count

----------------------------------------

[30 Jul 2026, 12:51:07 pm] INFO
{
  userId: 'cmr4iqxbg0005chzweogjavif',
  unreadCount: 0
}
Unread notification count loaded successfully

----------------------------------------

[30 Jul 2026, 12:51:17 pm] INFO
{
  method: 'GET',
  path: '/api/notifications/unread-count'
}

----------------------------------------

[30 Jul 2026, 12:51:17 pm] INFO
{
  userId: 'cmr4iqxbg0005chzweogjavif'
}
Customer requested unread notification count

----------------------------------------

[30 Jul 2026, 12:51:17 pm] INFO
{
  userId: 'cmr4iqxbg0005chzweogjavif',
  unreadCount: 0
}
Unread notification count loaded successfully

----------------------------------------

[30 Jul 2026, 12:51:27 pm] INFO
{
  method: 'GET',
  path: '/api/notifications/unread-count'
}

----------------------------------------

[30 Jul 2026, 12:51:27 pm] INFO
{
  userId: 'cmr4iqxbg0005chzweogjavif'
}
Customer requested unread notification count

----------------------------------------

[30 Jul 2026, 12:51:27 pm] INFO
{
  userId: 'cmr4iqxbg0005chzweogjavif',
  unreadCount: 0
}
Unread notification count loaded successfully

----------------------------------------

[30 Jul 2026, 12:51:37 pm] INFO
{
  method: 'GET',
  path: '/api/notifications/unread-count'
}

----------------------------------------

[30 Jul 2026, 12:51:37 pm] INFO
{
  userId: 'cmr4iqxbg0005chzweogjavif'
}
Customer requested unread notification count

----------------------------------------

[30 Jul 2026, 12:51:37 pm] INFO
{
  userId: 'cmr4iqxbg0005chzweogjavif',
  unreadCount: 0
}
Unread notification count loaded successfully

----------------------------------------

[30 Jul 2026, 12:51:47 pm] INFO
{
  method: 'GET',
  path: '/api/notifications/unread-count'
}

----------------------------------------

[30 Jul 2026, 12:51:47 pm] INFO
{
  userId: 'cmr4iqxbg0005chzweogjavif'
}
Customer requested unread notification count

----------------------------------------

[30 Jul 2026, 12:51:47 pm] INFO
{
  userId: 'cmr4iqxbg0005chzweogjavif',
  unreadCount: 0
}
Unread notification count loaded successfully

----------------------------------------

[30 Jul 2026, 12:51:57 pm] INFO
{
  method: 'GET',
  path: '/api/notifications/unread-count'
}

----------------------------------------

[30 Jul 2026, 12:51:57 pm] INFO
{
  userId: 'cmr4iqxbg0005chzweogjavif'
}
Customer requested unread notification count

----------------------------------------

[30 Jul 2026, 12:51:57 pm] INFO
{
  userId: 'cmr4iqxbg0005chzweogjavif',
  unreadCount: 0
}
Unread notification count loaded successfully

----------------------------------------

[30 Jul 2026, 12:52:07 pm] INFO
{
  method: 'GET',
  path: '/api/notifications/unread-count'
}

----------------------------------------

[30 Jul 2026, 12:52:07 pm] INFO
{
  userId: 'cmr4iqxbg0005chzweogjavif'
}
Customer requested unread notification count

----------------------------------------

[30 Jul 2026, 12:52:07 pm] INFO
{
  userId: 'cmr4iqxbg0005chzweogjavif',
  unreadCount: 0
}
Unread notification count loaded successfully

----------------------------------------

[30 Jul 2026, 12:52:17 pm] INFO
{
  method: 'GET',
  path: '/api/notifications/unread-count'
}

----------------------------------------

[30 Jul 2026, 12:52:17 pm] INFO
{
  userId: 'cmr4iqxbg0005chzweogjavif'
}
Customer requested unread notification count

----------------------------------------

[30 Jul 2026, 12:52:17 pm] INFO
{
  userId: 'cmr4iqxbg0005chzweogjavif',
  unreadCount: 0
}
Unread notification count loaded successfully

----------------------------------------

[30 Jul 2026, 12:52:27 pm] INFO
{
  method: 'GET',
  path: '/api/notifications/unread-count'
}

----------------------------------------

[30 Jul 2026, 12:52:27 pm] INFO
{
  userId: 'cmr4iqxbg0005chzweogjavif'
}
Customer requested unread notification count

----------------------------------------

[30 Jul 2026, 12:52:27 pm] INFO
{
  userId: 'cmr4iqxbg0005chzweogjavif',
  unreadCount: 0
}
Unread notification count loaded successfully

----------------------------------------

[30 Jul 2026, 12:52:37 pm] INFO
{
  method: 'GET',
  path: '/api/notifications/unread-count'
}

----------------------------------------

[30 Jul 2026, 12:52:37 pm] INFO
{
  userId: 'cmr4iqxbg0005chzweogjavif'
}
Customer requested unread notification count

----------------------------------------

[30 Jul 2026, 12:52:37 pm] INFO
{
  userId: 'cmr4iqxbg0005chzweogjavif',
  unreadCount: 0
}
Unread notification count loaded successfully

----------------------------------------

[30 Jul 2026, 12:52:47 pm] INFO
{
  method: 'GET',
  path: '/api/notifications/unread-count'
}

----------------------------------------

[30 Jul 2026, 12:52:47 pm] INFO
{
  userId: 'cmr4iqxbg0005chzweogjavif'
}
Customer requested unread notification count

----------------------------------------

[30 Jul 2026, 12:52:47 pm] INFO
{
  userId: 'cmr4iqxbg0005chzweogjavif',
  unreadCount: 0
}
Unread notification count loaded successfully

----------------------------------------

[30 Jul 2026, 12:52:57 pm] INFO
{
  method: 'GET',
  path: '/api/notifications/unread-count'
}

----------------------------------------

[30 Jul 2026, 12:52:57 pm] INFO
{
  userId: 'cmr4iqxbg0005chzweogjavif'
}
Customer requested unread notification count

----------------------------------------

[30 Jul 2026, 12:52:57 pm] INFO
{
  userId: 'cmr4iqxbg0005chzweogjavif',
  unreadCount: 0
}
Unread notification count loaded successfully

----------------------------------------

[30 Jul 2026, 12:53:21 pm] INFO
{
  method: 'GET',
  path: '/api/notifications/unread-count'
}

----------------------------------------

[30 Jul 2026, 12:53:21 pm] INFO
{
  userId: 'cmr4iqxbg0005chzweogjavif'
}
Customer requested unread notification count

----------------------------------------

[30 Jul 2026, 12:53:21 pm] INFO
{
  userId: 'cmr4iqxbg0005chzweogjavif',
  unreadCount: 0
}
Unread notification count loaded successfully

----------------------------------------

[30 Jul 2026, 12:54:21 pm] INFO
{
  method: 'GET',
  path: '/api/notifications/unread-count'
}

----------------------------------------

[30 Jul 2026, 12:54:21 pm] INFO
{
  userId: 'cmr4iqxbg0005chzweogjavif'
}
Customer requested unread notification count

----------------------------------------

[30 Jul 2026, 12:54:21 pm] INFO
{
  userId: 'cmr4iqxbg0005chzweogjavif',
  unreadCount: 0
}
Unread notification count loaded successfully

----------------------------------------

[30 Jul 2026, 12:55:21 pm] INFO
{
  method: 'GET',
  path: '/api/notifications/unread-count'
}

----------------------------------------

[30 Jul 2026, 12:55:21 pm] INFO
{
  userId: 'cmr4iqxbg0005chzweogjavif'
}
Customer requested unread notification count

----------------------------------------

[30 Jul 2026, 12:55:21 pm] INFO
{
  userId: 'cmr4iqxbg0005chzweogjavif',
  unreadCount: 0
}
Unread notification count loaded successfully

----------------------------------------

[30 Jul 2026, 12:56:21 pm] INFO
{
  method: 'GET',
  path: '/api/notifications/unread-count'
}

----------------------------------------

[30 Jul 2026, 12:56:21 pm] INFO
{
  userId: 'cmr4iqxbg0005chzweogjavif'
}
Customer requested unread notification count

----------------------------------------

[30 Jul 2026, 12:56:21 pm] INFO
{
  userId: 'cmr4iqxbg0005chzweogjavif',
  unreadCount: 0
}
Unread notification count loaded successfully

----------------------------------------

[30 Jul 2026, 12:57:21 pm] INFO
{
  method: 'GET',
  path: '/api/notifications/unread-count'
}

----------------------------------------

[30 Jul 2026, 12:57:21 pm] INFO
{
  userId: 'cmr4iqxbg0005chzweogjavif'
}
Customer requested unread notification count

----------------------------------------

[30 Jul 2026, 12:57:21 pm] INFO
{
  userId: 'cmr4iqxbg0005chzweogjavif',
  unreadCount: 0
}
Unread notification count loaded successfully

----------------------------------------

[30 Jul 2026, 12:58:21 pm] INFO
{
  method: 'GET',
  path: '/api/notifications/unread-count'
}

----------------------------------------

[30 Jul 2026, 12:58:21 pm] INFO
{
  userId: 'cmr4iqxbg0005chzweogjavif'
}
Customer requested unread notification count

----------------------------------------

[30 Jul 2026, 12:58:21 pm] INFO
{
  userId: 'cmr4iqxbg0005chzweogjavif',
  unreadCount: 0
}
Unread notification count loaded successfully

----------------------------------------

[30 Jul 2026, 12:59:03 pm] INFO
{
  method: 'GET',
  path: '/provider/profile'
}

----------------------------------------

[30 Jul 2026, 12:59:03 pm] INFO
{
  method: 'GET',
  path: '/provider/profile'
}

----------------------------------------

[30 Jul 2026, 12:59:04 pm] INFO
{
  method: 'GET',
  path: '/api/notifications/unread-count'
}

----------------------------------------

[30 Jul 2026, 12:59:04 pm] INFO
{
  userId: 'cmr4iqxbg0005chzweogjavif'
}
Customer requested unread notification count

----------------------------------------

[30 Jul 2026, 12:59:04 pm] INFO
{
  userId: 'cmr4iqxbg0005chzweogjavif',
  unreadCount: 0
}
Unread notification count loaded successfully

----------------------------------------

[30 Jul 2026, 12:59:07 pm] INFO
{
  method: 'GET',
  path: '/api/notifications/unread-count'
}

----------------------------------------

[30 Jul 2026, 12:59:07 pm] INFO
{
  userId: 'cmr4iqxbg0005chzweogjavif'
}
Customer requested unread notification count

----------------------------------------

[30 Jul 2026, 12:59:07 pm] INFO
{
  userId: 'cmr4iqxbg0005chzweogjavif',
  unreadCount: 0
}
Unread notification count loaded successfully

----------------------------------------

[30 Jul 2026, 12:59:07 pm] INFO
{
  method: 'POST',
  path: '/api/auth/logout'
}

----------------------------------------

[30 Jul 2026, 12:59:07 pm] INFO
{
  method: 'GET',
  path: '/auth/login'
}

----------------------------------------

[30 Jul 2026, 12:59:07 pm] INFO
{
  method: 'GET',
  path: '/auth/login'
}

----------------------------------------

[30 Jul 2026, 12:59:15 pm] INFO
{
  method: 'POST',
  path: '/api/auth/login'
}

----------------------------------------

[30 Jul 2026, 12:59:15 pm] INFO
{
  email: 'democustomer2@gmail.com'
}
Login attempt

----------------------------------------

[30 Jul 2026, 12:59:15 pm] INFO
{
  userId: 'cmr4ioo350001chzwpshzzwz9',
  role: 'CUSTOMER'
}
User logged in successfully

----------------------------------------

[30 Jul 2026, 12:59:15 pm] INFO
{
  method: 'GET',
  path: '/customer/dashboard'
}

----------------------------------------

[30 Jul 2026, 12:59:15 pm] INFO
{
  method: 'GET',
  path: '/customer/dashboard'
}

----------------------------------------

[30 Jul 2026, 12:59:15 pm] INFO
{
  method: 'GET',
  path: '/api/customer/jobs'
}

----------------------------------------

[30 Jul 2026, 12:59:15 pm] INFO
{
  method: 'GET',
  path: '/api/user-profile'
}

----------------------------------------

[30 Jul 2026, 12:59:15 pm] INFO
{
  method: 'GET',
  path: '/api/notifications/unread-count'
}

----------------------------------------

[30 Jul 2026, 12:59:15 pm] INFO
{
  method: 'GET',
  path: '/api/notifications/unread-count'
}

----------------------------------------

[30 Jul 2026, 12:59:15 pm] INFO
{
  method: 'GET',
  path: '/api/user-profile'
}

----------------------------------------

[30 Jul 2026, 12:59:15 pm] INFO
{
  userId: 'cmr4ioo350001chzwpshzzwz9',
  page: 1,
  limit: 5,
  status: undefined
}
Customer requested jobs list

----------------------------------------

[30 Jul 2026, 12:59:15 pm] INFO
Fetching user details

----------------------------------------

[30 Jul 2026, 12:59:15 pm] INFO
Fetching user details

----------------------------------------

[30 Jul 2026, 12:59:15 pm] INFO
{
  userId: 'cmr4ioo350001chzwpshzzwz9'
}
Customer requested unread notification count

----------------------------------------

[30 Jul 2026, 12:59:15 pm] INFO
{
  userId: 'cmr4ioo350001chzwpshzzwz9',
  unreadCount: 0
}
Unread notification count loaded successfully

----------------------------------------

[30 Jul 2026, 12:59:15 pm] INFO
{
  userId: 'cmr4ioo350001chzwpshzzwz9'
}
Customer requested unread notification count

----------------------------------------

[30 Jul 2026, 12:59:15 pm] INFO
{
  userId: 'cmr4ioo350001chzwpshzzwz9',
  unreadCount: 0
}
Unread notification count loaded successfully

----------------------------------------

[30 Jul 2026, 12:59:15 pm] INFO
User details fetched successfully

----------------------------------------

[30 Jul 2026, 12:59:15 pm] INFO
User details fetched successfully

----------------------------------------

[30 Jul 2026, 12:59:15 pm] INFO
{
  userId: 'cmr4ioo350001chzwpshzzwz9',
  page: 1,
  totalItems: 6,
  returnedJobs: 5
}
Customer jobs loaded successfully

----------------------------------------

[30 Jul 2026, 12:59:16 pm] INFO
{
  method: 'GET',
  path: '/api/customer/jobs'
}

----------------------------------------

[30 Jul 2026, 12:59:16 pm] INFO
{
  userId: 'cmr4ioo350001chzwpshzzwz9',
  page: 1,
  limit: 5,
  status: undefined
}
Customer requested jobs list

----------------------------------------

[30 Jul 2026, 12:59:16 pm] INFO
{
  userId: 'cmr4ioo350001chzwpshzzwz9',
  page: 1,
  totalItems: 6,
  returnedJobs: 5
}
Customer jobs loaded successfully

----------------------------------------

[30 Jul 2026, 12:59:21 pm] INFO
{
  method: 'GET',
  path: '/api/customer/jobs'
}

----------------------------------------

[30 Jul 2026, 12:59:21 pm] INFO
{
  userId: 'cmr4ioo350001chzwpshzzwz9',
  page: 1,
  limit: 5,
  status: 'OPEN'
}
Customer requested jobs list

----------------------------------------

[30 Jul 2026, 12:59:21 pm] INFO
{
  userId: 'cmr4ioo350001chzwpshzzwz9',
  page: 1,
  totalItems: 4,
  returnedJobs: 4
}
Customer jobs loaded successfully

----------------------------------------

[30 Jul 2026, 12:59:22 pm] INFO
{
  method: 'GET',
  path: '/api/customer/jobs'
}

----------------------------------------

[30 Jul 2026, 12:59:22 pm] INFO
{
  userId: 'cmr4ioo350001chzwpshzzwz9',
  page: 1,
  limit: 5,
  status: 'ASSIGNED'
}
Customer requested jobs list

----------------------------------------

[30 Jul 2026, 12:59:22 pm] INFO
{
  userId: 'cmr4ioo350001chzwpshzzwz9',
  page: 1,
  totalItems: 1,
  returnedJobs: 1
}
Customer jobs loaded successfully

----------------------------------------

[30 Jul 2026, 12:59:23 pm] INFO
{
  method: 'GET',
  path: '/api/customer/jobs'
}

----------------------------------------

[30 Jul 2026, 12:59:23 pm] INFO
{
  userId: 'cmr4ioo350001chzwpshzzwz9',
  page: 1,
  limit: 5,
  status: 'COMPLETED'
}
Customer requested jobs list

----------------------------------------

[30 Jul 2026, 12:59:23 pm] INFO
{
  userId: 'cmr4ioo350001chzwpshzzwz9',
  page: 1,
  totalItems: 1,
  returnedJobs: 1
}
Customer jobs loaded successfully

----------------------------------------

[30 Jul 2026, 12:59:24 pm] INFO
{
  method: 'GET',
  path: '/api/customer/jobs'
}

----------------------------------------

[30 Jul 2026, 12:59:24 pm] INFO
{
  userId: 'cmr4ioo350001chzwpshzzwz9',
  page: 1,
  limit: 5,
  status: undefined
}
Customer requested jobs list

----------------------------------------

[30 Jul 2026, 12:59:24 pm] INFO
{
  userId: 'cmr4ioo350001chzwpshzzwz9',
  page: 1,
  totalItems: 6,
  returnedJobs: 5
}
Customer jobs loaded successfully

----------------------------------------

[30 Jul 2026, 12:59:25 pm] INFO
{
  method: 'GET',
  path: '/api/notifications/unread-count'
}

----------------------------------------

[30 Jul 2026, 12:59:25 pm] INFO
{
  userId: 'cmr4ioo350001chzwpshzzwz9'
}
Customer requested unread notification count

----------------------------------------

[30 Jul 2026, 12:59:25 pm] INFO
{
  userId: 'cmr4ioo350001chzwpshzzwz9',
  unreadCount: 0
}
Unread notification count loaded successfully

----------------------------------------

[30 Jul 2026, 12:59:35 pm] INFO
{
  method: 'GET',
  path: '/api/notifications/unread-count'
}

----------------------------------------

[30 Jul 2026, 12:59:35 pm] INFO
{
  userId: 'cmr4ioo350001chzwpshzzwz9'
}
Customer requested unread notification count

----------------------------------------

[30 Jul 2026, 12:59:35 pm] INFO
{
  userId: 'cmr4ioo350001chzwpshzzwz9',
  unreadCount: 0
}
Unread notification count loaded successfully

----------------------------------------

[30 Jul 2026, 12:59:45 pm] INFO
{
  method: 'GET',
  path: '/api/notifications/unread-count'
}

----------------------------------------

[30 Jul 2026, 12:59:45 pm] INFO
{
  userId: 'cmr4ioo350001chzwpshzzwz9'
}
Customer requested unread notification count

----------------------------------------

[30 Jul 2026, 12:59:45 pm] INFO
{
  userId: 'cmr4ioo350001chzwpshzzwz9',
  unreadCount: 0
}
Unread notification count loaded successfully

----------------------------------------

[30 Jul 2026, 12:59:56 pm] INFO
{
  method: 'GET',
  path: '/api/notifications/unread-count'
}

----------------------------------------

[30 Jul 2026, 12:59:56 pm] INFO
{
  userId: 'cmr4ioo350001chzwpshzzwz9'
}
Customer requested unread notification count

----------------------------------------

[30 Jul 2026, 12:59:56 pm] INFO
{
  userId: 'cmr4ioo350001chzwpshzzwz9',
  unreadCount: 0
}
Unread notification count loaded successfully

----------------------------------------

[30 Jul 2026, 1:00:06 pm] INFO
{
  method: 'GET',
  path: '/api/notifications/unread-count'
}

----------------------------------------

[30 Jul 2026, 1:00:06 pm] INFO
{
  userId: 'cmr4ioo350001chzwpshzzwz9'
}
Customer requested unread notification count

----------------------------------------

[30 Jul 2026, 1:00:06 pm] INFO
{
  userId: 'cmr4ioo350001chzwpshzzwz9',
  unreadCount: 0
}
Unread notification count loaded successfully

----------------------------------------

[30 Jul 2026, 1:00:16 pm] INFO
{
  method: 'GET',
  path: '/api/notifications/unread-count'
}

----------------------------------------

[30 Jul 2026, 1:00:16 pm] INFO
{
  userId: 'cmr4ioo350001chzwpshzzwz9'
}
Customer requested unread notification count

----------------------------------------

[30 Jul 2026, 1:00:16 pm] INFO
{
  userId: 'cmr4ioo350001chzwpshzzwz9',
  unreadCount: 0
}
Unread notification count loaded successfully

----------------------------------------

[30 Jul 2026, 1:00:26 pm] INFO
{
  method: 'GET',
  path: '/api/notifications/unread-count'
}

----------------------------------------

[30 Jul 2026, 1:00:26 pm] INFO
{
  userId: 'cmr4ioo350001chzwpshzzwz9'
}
Customer requested unread notification count

----------------------------------------

[30 Jul 2026, 1:00:26 pm] INFO
{
  userId: 'cmr4ioo350001chzwpshzzwz9',
  unreadCount: 0
}
Unread notification count loaded successfully

----------------------------------------

[30 Jul 2026, 1:00:36 pm] INFO
{
  method: 'GET',
  path: '/api/notifications/unread-count'
}

----------------------------------------

[30 Jul 2026, 1:00:36 pm] INFO
{
  userId: 'cmr4ioo350001chzwpshzzwz9'
}
Customer requested unread notification count

----------------------------------------

[30 Jul 2026, 1:00:36 pm] INFO
{
  userId: 'cmr4ioo350001chzwpshzzwz9',
  unreadCount: 0
}
Unread notification count loaded successfully

----------------------------------------

[30 Jul 2026, 1:00:46 pm] INFO
{
  method: 'GET',
  path: '/api/notifications/unread-count'
}

----------------------------------------

[30 Jul 2026, 1:00:46 pm] INFO
{
  userId: 'cmr4ioo350001chzwpshzzwz9'
}
Customer requested unread notification count

----------------------------------------

[30 Jul 2026, 1:00:46 pm] INFO
{
  userId: 'cmr4ioo350001chzwpshzzwz9',
  unreadCount: 0
}
Unread notification count loaded successfully

----------------------------------------

[30 Jul 2026, 1:01:21 pm] INFO
{
  method: 'GET',
  path: '/api/notifications/unread-count'
}

----------------------------------------

[30 Jul 2026, 1:01:21 pm] INFO
{
  userId: 'cmr4ioo350001chzwpshzzwz9'
}
Customer requested unread notification count

----------------------------------------

[30 Jul 2026, 1:01:21 pm] INFO
{
  userId: 'cmr4ioo350001chzwpshzzwz9',
  unreadCount: 0
}
Unread notification count loaded successfully

----------------------------------------

[30 Jul 2026, 1:02:21 pm] INFO
{
  method: 'GET',
  path: '/api/notifications/unread-count'
}

----------------------------------------

[30 Jul 2026, 1:02:21 pm] INFO
{
  userId: 'cmr4ioo350001chzwpshzzwz9'
}
Customer requested unread notification count

----------------------------------------

[30 Jul 2026, 1:02:21 pm] INFO
{
  userId: 'cmr4ioo350001chzwpshzzwz9',
  unreadCount: 0
}
Unread notification count loaded successfully

----------------------------------------

[30 Jul 2026, 1:02:21 pm] INFO
{
  method: 'GET',
  path: '/customer/dashboard'
}

----------------------------------------

[30 Jul 2026, 1:02:21 pm] INFO
{
  method: 'GET',
  path: '/customer/dashboard'
}

----------------------------------------

[30 Jul 2026, 1:02:21 pm] INFO
{
  method: 'GET',
  path: '/customer/dashboard'
}

----------------------------------------

[30 Jul 2026, 1:03:21 pm] INFO
{
  method: 'GET',
  path: '/api/notifications/unread-count'
}

----------------------------------------

[30 Jul 2026, 1:03:21 pm] INFO
{
  userId: 'cmr4ioo350001chzwpshzzwz9'
}
Customer requested unread notification count

----------------------------------------

[30 Jul 2026, 1:03:21 pm] INFO
{
  userId: 'cmr4ioo350001chzwpshzzwz9',
  unreadCount: 0
}
Unread notification count loaded successfully

----------------------------------------

[30 Jul 2026, 1:03:28 pm] INFO
{
  method: 'GET',
  path: '/customer/dashboard'
}

----------------------------------------

[30 Jul 2026, 1:03:28 pm] INFO
{
  method: 'GET',
  path: '/customer/dashboard'
}

----------------------------------------

[30 Jul 2026, 1:03:28 pm] INFO
{
  method: 'GET',
  path: '/customer/dashboard'
}

----------------------------------------

[30 Jul 2026, 1:03:29 pm] INFO
{
  method: 'GET',
  path: '/api/notifications/unread-count'
}

----------------------------------------

[30 Jul 2026, 1:03:29 pm] INFO
{
  userId: 'cmr4ioo350001chzwpshzzwz9'
}
Customer requested unread notification count

----------------------------------------

[30 Jul 2026, 1:03:29 pm] INFO
{
  userId: 'cmr4ioo350001chzwpshzzwz9',
  unreadCount: 0
}
Unread notification count loaded successfully

----------------------------------------

[30 Jul 2026, 1:03:30 pm] INFO
{
  method: 'GET',
  path: '/customer/dashboard'
}

----------------------------------------

[30 Jul 2026, 1:03:30 pm] INFO
{
  method: 'GET',
  path: '/customer/dashboard'
}

----------------------------------------

[30 Jul 2026, 1:03:30 pm] INFO
{
  method: 'GET',
  path: '/customer/dashboard'
}

----------------------------------------

[30 Jul 2026, 1:04:21 pm] INFO
{
  method: 'GET',
  path: '/api/notifications/unread-count'
}

----------------------------------------

[30 Jul 2026, 1:04:21 pm] INFO
{
  userId: 'cmr4ioo350001chzwpshzzwz9'
}
Customer requested unread notification count

----------------------------------------

[30 Jul 2026, 1:04:21 pm] INFO
{
  userId: 'cmr4ioo350001chzwpshzzwz9',
  unreadCount: 0
}
Unread notification count loaded successfully

----------------------------------------

[30 Jul 2026, 1:04:31 pm] INFO
{
  method: 'GET',
  path: '/api/notifications/unread-count'
}

----------------------------------------

[30 Jul 2026, 1:04:31 pm] INFO
{
  userId: 'cmr4ioo350001chzwpshzzwz9'
}
Customer requested unread notification count

----------------------------------------

[30 Jul 2026, 1:04:31 pm] INFO
{
  userId: 'cmr4ioo350001chzwpshzzwz9',
  unreadCount: 0
}
Unread notification count loaded successfully

----------------------------------------

[30 Jul 2026, 1:04:32 pm] INFO
{
  method: 'GET',
  path: '/customer/post-job'
}

----------------------------------------

[30 Jul 2026, 1:04:33 pm] INFO
{
  method: 'GET',
  path: '/api/categories'
}

----------------------------------------

[30 Jul 2026, 1:04:33 pm] INFO
Fetching categories

----------------------------------------

[30 Jul 2026, 1:04:33 pm] INFO
{
  count: 3
}
Categories fetched successfully

----------------------------------------

[30 Jul 2026, 1:04:33 pm] INFO
{
  method: 'GET',
  path: '/api/categories'
}

----------------------------------------

[30 Jul 2026, 1:04:33 pm] INFO
Fetching categories

----------------------------------------

[30 Jul 2026, 1:04:33 pm] INFO
{
  count: 3
}
Categories fetched successfully

----------------------------------------

[30 Jul 2026, 1:04:34 pm] INFO
{
  method: 'GET',
  path: '/customer/post-job'
}

----------------------------------------

[30 Jul 2026, 1:04:35 pm] INFO
{
  method: 'GET',
  path: '/api/categories'
}

----------------------------------------

[30 Jul 2026, 1:04:35 pm] INFO
{
  method: 'GET',
  path: '/api/notifications/unread-count'
}

----------------------------------------

[30 Jul 2026, 1:04:35 pm] INFO
{
  method: 'GET',
  path: '/api/user-profile'
}

----------------------------------------

[30 Jul 2026, 1:04:35 pm] INFO
Fetching categories

----------------------------------------

[30 Jul 2026, 1:04:35 pm] INFO
{
  count: 3
}
Categories fetched successfully

----------------------------------------

[30 Jul 2026, 1:04:35 pm] INFO
Fetching user details

----------------------------------------

[30 Jul 2026, 1:04:35 pm] INFO
{
  userId: 'cmr4ioo350001chzwpshzzwz9'
}
Customer requested unread notification count

----------------------------------------

[30 Jul 2026, 1:04:35 pm] INFO
{
  userId: 'cmr4ioo350001chzwpshzzwz9',
  unreadCount: 0
}
Unread notification count loaded successfully

----------------------------------------

[30 Jul 2026, 1:04:35 pm] INFO
User details fetched successfully

----------------------------------------

[30 Jul 2026, 1:04:36 pm] INFO
{
  method: 'GET',
  path: '/customer/dashboard'
}

----------------------------------------

[30 Jul 2026, 1:04:36 pm] INFO
{
  method: 'GET',
  path: '/api/customer/jobs'
}

----------------------------------------

[30 Jul 2026, 1:04:36 pm] INFO
{
  userId: 'cmr4ioo350001chzwpshzzwz9',
  page: 1,
  limit: 5,
  status: undefined
}
Customer requested jobs list

----------------------------------------

[30 Jul 2026, 1:04:36 pm] INFO
{
  userId: 'cmr4ioo350001chzwpshzzwz9',
  page: 1,
  totalItems: 6,
  returnedJobs: 5
}
Customer jobs loaded successfully

----------------------------------------

[30 Jul 2026, 1:04:36 pm] INFO
{
  method: 'GET',
  path: '/api/customer/jobs'
}

----------------------------------------

[30 Jul 2026, 1:04:36 pm] INFO
{
  userId: 'cmr4ioo350001chzwpshzzwz9',
  page: 1,
  limit: 5,
  status: undefined
}
Customer requested jobs list

----------------------------------------

[30 Jul 2026, 1:04:36 pm] INFO
{
  userId: 'cmr4ioo350001chzwpshzzwz9',
  page: 1,
  totalItems: 6,
  returnedJobs: 5
}
Customer jobs loaded successfully

----------------------------------------

[30 Jul 2026, 1:04:38 pm] INFO
{
  method: 'GET',
  path: '/customer/dashboard/jobs/cms5xaikj0001sgzwey5fwn8f'
}

----------------------------------------

[30 Jul 2026, 1:04:38 pm] INFO
{
  method: 'GET',
  path: '/api/customer/jobs/cms5xaikj0001sgzwey5fwn8f'
}

----------------------------------------

[30 Jul 2026, 1:04:38 pm] INFO
{
  method: 'GET',
  path: '/api/customer/jobs/cms5xaikj0001sgzwey5fwn8f/media'
}

----------------------------------------

[30 Jul 2026, 1:04:38 pm] INFO
{
  userId: 'cmr4ioo350001chzwpshzzwz9',
  jobId: 'cms5xaikj0001sgzwey5fwn8f'
}
Customer requested job details

----------------------------------------

[30 Jul 2026, 1:04:38 pm] INFO
{
  userId: 'cmr4ioo350001chzwpshzzwz9',
  jobId: 'cms5xaikj0001sgzwey5fwn8f'
}
Job details loaded successfully

----------------------------------------

[30 Jul 2026, 1:04:38 pm] INFO
{
  method: 'GET',
  path: '/api/customer/jobs/cms5xaikj0001sgzwey5fwn8f'
}

----------------------------------------

[30 Jul 2026, 1:04:39 pm] INFO
{
  userId: 'cmr4ioo350001chzwpshzzwz9',
  jobId: 'cms5xaikj0001sgzwey5fwn8f'
}
Customer requested job details

----------------------------------------

[30 Jul 2026, 1:04:39 pm] INFO
{
  userId: 'cmr4ioo350001chzwpshzzwz9',
  jobId: 'cms5xaikj0001sgzwey5fwn8f'
}
Job details loaded successfully

----------------------------------------

[30 Jul 2026, 1:04:39 pm] INFO
{
  userId: 'cmr4ioo350001chzwpshzzwz9',
  jobId: 'cms5xaikj0001sgzwey5fwn8f'
}
Fetching job media

----------------------------------------

[30 Jul 2026, 1:04:39 pm] INFO
{
  userId: 'cmr4ioo350001chzwpshzzwz9',
  jobId: 'cms5xaikj0001sgzwey5fwn8f',
  mediaCount: 0
}
Fetched job media successfully

----------------------------------------

[30 Jul 2026, 1:04:39 pm] INFO
{
  method: 'GET',
  path: '/api/customer/jobs/cms5xaikj0001sgzwey5fwn8f/media'
}

----------------------------------------

[30 Jul 2026, 1:04:39 pm] INFO
{
  userId: 'cmr4ioo350001chzwpshzzwz9',
  jobId: 'cms5xaikj0001sgzwey5fwn8f'
}
Fetching job media

----------------------------------------

[30 Jul 2026, 1:04:39 pm] INFO
{
  userId: 'cmr4ioo350001chzwpshzzwz9',
  jobId: 'cms5xaikj0001sgzwey5fwn8f',
  mediaCount: 0
}
Fetched job media successfully

----------------------------------------

[30 Jul 2026, 1:04:44 pm] INFO
{
  method: 'GET',
  path: '/customer/dashboard'
}

----------------------------------------

[30 Jul 2026, 1:04:44 pm] INFO
{
  method: 'GET',
  path: '/api/customer/jobs'
}

----------------------------------------

[30 Jul 2026, 1:04:44 pm] INFO
{
  userId: 'cmr4ioo350001chzwpshzzwz9',
  page: 1,
  limit: 5,
  status: undefined
}
Customer requested jobs list

----------------------------------------

[30 Jul 2026, 1:04:44 pm] INFO
{
  userId: 'cmr4ioo350001chzwpshzzwz9',
  page: 1,
  totalItems: 6,
  returnedJobs: 5
}
Customer jobs loaded successfully

----------------------------------------

[30 Jul 2026, 1:04:44 pm] INFO
{
  method: 'GET',
  path: '/api/customer/jobs'
}

----------------------------------------

[30 Jul 2026, 1:04:44 pm] INFO
{
  userId: 'cmr4ioo350001chzwpshzzwz9',
  page: 1,
  limit: 5,
  status: undefined
}
Customer requested jobs list

----------------------------------------

[30 Jul 2026, 1:04:44 pm] INFO
{
  userId: 'cmr4ioo350001chzwpshzzwz9',
  page: 1,
  totalItems: 6,
  returnedJobs: 5
}
Customer jobs loaded successfully

----------------------------------------

[30 Jul 2026, 1:04:45 pm] INFO
{
  method: 'GET',
  path: '/api/notifications/unread-count'
}

----------------------------------------

[30 Jul 2026, 1:04:45 pm] INFO
{
  userId: 'cmr4ioo350001chzwpshzzwz9'
}
Customer requested unread notification count

----------------------------------------

[30 Jul 2026, 1:04:45 pm] INFO
{
  userId: 'cmr4ioo350001chzwpshzzwz9',
  unreadCount: 0
}
Unread notification count loaded successfully

----------------------------------------

[30 Jul 2026, 1:04:48 pm] INFO
{
  method: 'GET',
  path: '/api/customer/jobs'
}

----------------------------------------

[30 Jul 2026, 1:04:48 pm] INFO
{
  userId: 'cmr4ioo350001chzwpshzzwz9',
  page: 2,
  limit: 5,
  status: undefined
}
Customer requested jobs list

----------------------------------------

[30 Jul 2026, 1:04:48 pm] INFO
{
  userId: 'cmr4ioo350001chzwpshzzwz9',
  page: 2,
  totalItems: 6,
  returnedJobs: 1
}
Customer jobs loaded successfully

----------------------------------------

[30 Jul 2026, 1:04:52 pm] INFO
{
  method: 'GET',
  path: '/api/customer/jobs'
}

----------------------------------------

[30 Jul 2026, 1:04:52 pm] INFO
{
  userId: 'cmr4ioo350001chzwpshzzwz9',
  page: 1,
  limit: 5,
  status: undefined
}
Customer requested jobs list

----------------------------------------

[30 Jul 2026, 1:04:52 pm] INFO
{
  userId: 'cmr4ioo350001chzwpshzzwz9',
  page: 1,
  totalItems: 6,
  returnedJobs: 5
}
Customer jobs loaded successfully

----------------------------------------

[30 Jul 2026, 1:04:55 pm] INFO
{
  method: 'GET',
  path: '/api/notifications/unread-count'
}

----------------------------------------

[30 Jul 2026, 1:04:55 pm] INFO
{
  userId: 'cmr4ioo350001chzwpshzzwz9'
}
Customer requested unread notification count

----------------------------------------

[30 Jul 2026, 1:04:55 pm] INFO
{
  userId: 'cmr4ioo350001chzwpshzzwz9',
  unreadCount: 0
}
Unread notification count loaded successfully

----------------------------------------

[30 Jul 2026, 1:04:55 pm] INFO
{
  method: 'POST',
  path: '/api/auth/logout'
}

----------------------------------------

[30 Jul 2026, 1:04:55 pm] INFO
{
  method: 'GET',
  path: '/auth/login'
}

----------------------------------------

[30 Jul 2026, 1:04:55 pm] INFO
{
  method: 'GET',
  path: '/auth/login'
}

----------------------------------------

[30 Jul 2026, 1:05:02 pm] INFO
{
  method: 'POST',
  path: '/api/auth/login'
}

----------------------------------------

[30 Jul 2026, 1:05:02 pm] INFO
{
  email: 'demoprovider2@gmail.com'
}
Login attempt

----------------------------------------

[30 Jul 2026, 1:05:02 pm] INFO
{
  userId: 'cmr4iqxbg0005chzweogjavif',
  role: 'PROVIDER'
}
User logged in successfully

----------------------------------------

[30 Jul 2026, 1:05:02 pm] INFO
{
  method: 'GET',
  path: '/customer/dashboard'
}

----------------------------------------

[30 Jul 2026, 1:05:02 pm] INFO
{
  method: 'GET',
  path: '/customer/dashboard'
}

----------------------------------------

[30 Jul 2026, 1:05:02 pm] INFO
{
  method: 'GET',
  path: '/provider/dashboard'
}

----------------------------------------

[30 Jul 2026, 1:05:02 pm] INFO
{
  method: 'GET',
  path: '/customer/dashboard'
}

----------------------------------------

[30 Jul 2026, 1:05:02 pm] INFO
{
  method: 'GET',
  path: '/provider/dashboard'
}

----------------------------------------

[30 Jul 2026, 1:05:02 pm] INFO
{
  method: 'GET',
  path: '/provider/dashboard'
}

----------------------------------------

[30 Jul 2026, 1:05:02 pm] INFO
{
  method: 'GET',
  path: '/provider/dashboard'
}

----------------------------------------

[30 Jul 2026, 1:05:03 pm] INFO
{
  method: 'GET',
  path: '/api/provider/jobs'
}

----------------------------------------

[30 Jul 2026, 1:05:03 pm] INFO
{
  method: 'GET',
  path: '/api/notifications/unread-count'
}

----------------------------------------

[30 Jul 2026, 1:05:03 pm] INFO
{
  method: 'GET',
  path: '/api/user-profile'
}

----------------------------------------

[30 Jul 2026, 1:05:03 pm] INFO
{
  userId: 'cmr4iqxbg0005chzweogjavif',
  page: 1,
  limit: 5
}
Provider requested dashboard

----------------------------------------

[30 Jul 2026, 1:05:03 pm] INFO
{
  userId: 'cmr4iqxbg0005chzweogjavif'
}
Customer requested unread notification count

----------------------------------------

[30 Jul 2026, 1:05:03 pm] INFO
{
  userId: 'cmr4iqxbg0005chzweogjavif',
  unreadCount: 0
}
Unread notification count loaded successfully

----------------------------------------

[30 Jul 2026, 1:05:03 pm] INFO
Fetching user details

----------------------------------------

[30 Jul 2026, 1:05:03 pm] INFO
{
  userId: 'cmr4iqxbg0005chzweogjavif',
  availableJobs: 6,
  pendingBids: 1,
  assignedJobs: 1,
  reviewCount: 3,
  totalItems: 6,
  page: 1
}
Provider dashboard loaded successfully

----------------------------------------

[30 Jul 2026, 1:05:03 pm] INFO
User details fetched successfully

----------------------------------------

[30 Jul 2026, 1:05:05 pm] INFO
{
  method: 'GET',
  path: '/provider/dashboard/jobs/cms5xaikj0001sgzwey5fwn8f'
}

----------------------------------------

[30 Jul 2026, 1:05:05 pm] INFO
{
  method: 'GET',
  path: '/api/provider/jobs/cms5xaikj0001sgzwey5fwn8f'
}

----------------------------------------

[30 Jul 2026, 1:05:05 pm] INFO
{
  method: 'GET',
  path: '/api/provider/jobs/cms5xaikj0001sgzwey5fwn8f/media'
}

----------------------------------------

[30 Jul 2026, 1:05:05 pm] INFO
{
  userId: 'cmr4iqxbg0005chzweogjavif',
  jobId: 'cms5xaikj0001sgzwey5fwn8f'
}
Provider requested job details

----------------------------------------

[30 Jul 2026, 1:05:05 pm] INFO
{
  userId: 'cmr4iqxbg0005chzweogjavif',
  jobId: 'cms5xaikj0001sgzwey5fwn8f'
}
Provider requested job media

----------------------------------------

[30 Jul 2026, 1:05:05 pm] INFO
{
  userId: 'cmr4iqxbg0005chzweogjavif',
  jobId: 'cms5xaikj0001sgzwey5fwn8f',
  status: 'OPEN'
}
Provider job details loaded successfully

----------------------------------------

[30 Jul 2026, 1:05:05 pm] INFO
{
  userId: 'cmr4iqxbg0005chzweogjavif',
  jobId: 'cms5xaikj0001sgzwey5fwn8f',
  mediaCount: 0
}
Job media loaded successfully

----------------------------------------

[30 Jul 2026, 1:05:05 pm] INFO
{
  method: 'GET',
  path: '/api/provider/jobs/cms5xaikj0001sgzwey5fwn8f'
}

----------------------------------------

[30 Jul 2026, 1:05:05 pm] INFO
{
  method: 'GET',
  path: '/api/provider/jobs/cms5xaikj0001sgzwey5fwn8f/media'
}

----------------------------------------

[30 Jul 2026, 1:05:05 pm] INFO
{
  userId: 'cmr4iqxbg0005chzweogjavif',
  jobId: 'cms5xaikj0001sgzwey5fwn8f'
}
Provider requested job details

----------------------------------------

[30 Jul 2026, 1:05:05 pm] INFO
{
  userId: 'cmr4iqxbg0005chzweogjavif',
  jobId: 'cms5xaikj0001sgzwey5fwn8f'
}
Provider requested job media

----------------------------------------

[30 Jul 2026, 1:05:05 pm] INFO
{
  userId: 'cmr4iqxbg0005chzweogjavif',
  jobId: 'cms5xaikj0001sgzwey5fwn8f',
  status: 'OPEN'
}
Provider job details loaded successfully

----------------------------------------

[30 Jul 2026, 1:05:05 pm] INFO
{
  userId: 'cmr4iqxbg0005chzweogjavif',
  jobId: 'cms5xaikj0001sgzwey5fwn8f',
  mediaCount: 0
}
Job media loaded successfully

----------------------------------------

[30 Jul 2026, 1:05:11 pm] INFO
{
  method: 'POST',
  path: '/api/provider/jobs/cms5xaikj0001sgzwey5fwn8f/bid'
}

----------------------------------------

[30 Jul 2026, 1:05:12 pm] INFO
{
  userId: 'cmr4iqxbg0005chzweogjavif',
  jobId: 'cms5xaikj0001sgzwey5fwn8f'
}
Provider submitting bid

----------------------------------------

[30 Jul 2026, 1:05:13 pm] INFO
{
  userId: 'cmr4iqxbg0005chzweogjavif',
  jobId: 'cms5xaikj0001sgzwey5fwn8f',
  bidId: 'cms7782680000oyzw6z41334h',
  amount: 1200
}
Bid submitted successfully

----------------------------------------

[30 Jul 2026, 1:05:13 pm] INFO
{
  method: 'GET',
  path: '/provider/bids'
}

----------------------------------------

[30 Jul 2026, 1:05:13 pm] INFO
{
  method: 'GET',
  path: '/api/provider/bids'
}

----------------------------------------

[30 Jul 2026, 1:05:13 pm] INFO
{
  userId: 'cmr4iqxbg0005chzweogjavif'
}
Provider requested bid history

----------------------------------------

[30 Jul 2026, 1:05:13 pm] INFO
{
  userId: 'cmr4iqxbg0005chzweogjavif',
  totalBids: 6,
  pendingCount: 1,
  acceptedCount: 3,
  rejectedCount: 2,
  winRate: 50
}
Provider bid history loaded successfully

----------------------------------------

[30 Jul 2026, 1:05:13 pm] INFO
{
  method: 'GET',
  path: '/api/provider/bids'
}

----------------------------------------

[30 Jul 2026, 1:05:13 pm] INFO
{
  userId: 'cmr4iqxbg0005chzweogjavif'
}
Provider requested bid history

----------------------------------------

[30 Jul 2026, 1:05:13 pm] INFO
{
  userId: 'cmr4iqxbg0005chzweogjavif',
  totalBids: 6,
  pendingCount: 1,
  acceptedCount: 3,
  rejectedCount: 2,
  winRate: 50
}
Provider bid history loaded successfully

----------------------------------------

[30 Jul 2026, 1:05:13 pm] INFO
{
  method: 'GET',
  path: '/api/notifications/unread-count'
}

----------------------------------------

[30 Jul 2026, 1:05:13 pm] INFO
{
  userId: 'cmr4iqxbg0005chzweogjavif'
}
Customer requested unread notification count

----------------------------------------

[30 Jul 2026, 1:05:13 pm] INFO
{
  userId: 'cmr4iqxbg0005chzweogjavif',
  unreadCount: 0
}
Unread notification count loaded successfully

----------------------------------------

[30 Jul 2026, 1:05:20 pm] INFO
{
  method: 'POST',
  path: '/api/auth/logout'
}

----------------------------------------

[30 Jul 2026, 1:05:20 pm] INFO
{
  method: 'GET',
  path: '/auth/login'
}

----------------------------------------

[30 Jul 2026, 1:05:20 pm] INFO
{
  method: 'GET',
  path: '/auth/login'
}

----------------------------------------

[30 Jul 2026, 1:05:30 pm] INFO
{
  method: 'POST',
  path: '/api/auth/login'
}

----------------------------------------

[30 Jul 2026, 1:05:30 pm] INFO
{
  email: 'democustomer2@gmail.com'
}
Login attempt

----------------------------------------

[30 Jul 2026, 1:05:30 pm] INFO
{
  userId: 'cmr4ioo350001chzwpshzzwz9',
  role: 'CUSTOMER'
}
User logged in successfully

----------------------------------------

[30 Jul 2026, 1:05:30 pm] INFO
{
  method: 'GET',
  path: '/customer/dashboard'
}

----------------------------------------

[30 Jul 2026, 1:05:30 pm] INFO
{
  method: 'GET',
  path: '/customer/dashboard'
}

----------------------------------------

[30 Jul 2026, 1:05:30 pm] INFO
{
  method: 'GET',
  path: '/api/customer/jobs'
}

----------------------------------------

[30 Jul 2026, 1:05:30 pm] INFO
{
  method: 'GET',
  path: '/api/user-profile'
}

----------------------------------------

[30 Jul 2026, 1:05:30 pm] INFO
{
  method: 'GET',
  path: '/api/notifications/unread-count'
}

----------------------------------------

[30 Jul 2026, 1:05:30 pm] INFO
{
  method: 'GET',
  path: '/api/notifications/unread-count'
}

----------------------------------------

[30 Jul 2026, 1:05:30 pm] INFO
{
  method: 'GET',
  path: '/api/user-profile'
}

----------------------------------------

[30 Jul 2026, 1:05:30 pm] INFO
{
  userId: 'cmr4ioo350001chzwpshzzwz9',
  page: 1,
  limit: 5,
  status: undefined
}
Customer requested jobs list

----------------------------------------

[30 Jul 2026, 1:05:30 pm] INFO
Fetching user details

----------------------------------------

[30 Jul 2026, 1:05:30 pm] INFO
Fetching user details

----------------------------------------

[30 Jul 2026, 1:05:30 pm] INFO
User details fetched successfully

----------------------------------------

[30 Jul 2026, 1:05:30 pm] INFO
{
  userId: 'cmr4ioo350001chzwpshzzwz9'
}
Customer requested unread notification count

----------------------------------------

[30 Jul 2026, 1:05:30 pm] INFO
User details fetched successfully

----------------------------------------

[30 Jul 2026, 1:05:30 pm] INFO
{
  userId: 'cmr4ioo350001chzwpshzzwz9'
}
Customer requested unread notification count

----------------------------------------

[30 Jul 2026, 1:05:30 pm] INFO
{
  userId: 'cmr4ioo350001chzwpshzzwz9',
  unreadCount: 1
}
Unread notification count loaded successfully

----------------------------------------

[30 Jul 2026, 1:05:30 pm] INFO
{
  userId: 'cmr4ioo350001chzwpshzzwz9',
  unreadCount: 1
}
Unread notification count loaded successfully

----------------------------------------

[30 Jul 2026, 1:05:30 pm] INFO
{
  userId: 'cmr4ioo350001chzwpshzzwz9',
  page: 1,
  totalItems: 6,
  returnedJobs: 5
}
Customer jobs loaded successfully

----------------------------------------

[30 Jul 2026, 1:05:30 pm] INFO
{
  method: 'GET',
  path: '/api/customer/jobs'
}

----------------------------------------

[30 Jul 2026, 1:05:30 pm] INFO
{
  userId: 'cmr4ioo350001chzwpshzzwz9',
  page: 1,
  limit: 5,
  status: undefined
}
Customer requested jobs list

----------------------------------------

[30 Jul 2026, 1:05:30 pm] INFO
{
  userId: 'cmr4ioo350001chzwpshzzwz9',
  page: 1,
  totalItems: 6,
  returnedJobs: 5
}
Customer jobs loaded successfully

----------------------------------------

[30 Jul 2026, 1:05:37 pm] INFO
{
  method: 'GET',
  path: '/customer/notifications'
}

----------------------------------------

[30 Jul 2026, 1:05:37 pm] INFO
{
  method: 'GET',
  path: '/api/notifications'
}

----------------------------------------

[30 Jul 2026, 1:05:37 pm] INFO
{
  userId: 'cmr4ioo350001chzwpshzzwz9'
}
Customer requested notifications

----------------------------------------

[30 Jul 2026, 1:05:37 pm] INFO
{
  userId: 'cmr4ioo350001chzwpshzzwz9',
  totalNotifications: 1,
  unreadCount: 1
}
Customer notifications loaded successfully

----------------------------------------

[30 Jul 2026, 1:05:37 pm] INFO
{
  method: 'GET',
  path: '/api/notifications'
}

----------------------------------------

[30 Jul 2026, 1:05:37 pm] INFO
{
  userId: 'cmr4ioo350001chzwpshzzwz9'
}
Customer requested notifications

----------------------------------------

[30 Jul 2026, 1:05:37 pm] INFO
{
  userId: 'cmr4ioo350001chzwpshzzwz9',
  totalNotifications: 1,
  unreadCount: 1
}
Customer notifications loaded successfully

----------------------------------------

[30 Jul 2026, 1:05:40 pm] INFO
{
  method: 'GET',
  path: '/api/notifications/unread-count'
}

----------------------------------------

[30 Jul 2026, 1:05:40 pm] INFO
{
  userId: 'cmr4ioo350001chzwpshzzwz9'
}
Customer requested unread notification count

----------------------------------------

[30 Jul 2026, 1:05:40 pm] INFO
{
  userId: 'cmr4ioo350001chzwpshzzwz9',
  unreadCount: 1
}
Unread notification count loaded successfully

----------------------------------------

[30 Jul 2026, 1:05:42 pm] INFO
{
  method: 'PATCH',
  path: '/api/notifications'
}

----------------------------------------

[30 Jul 2026, 1:05:42 pm] INFO
{
  method: 'GET',
  path: '/customer/dashboard/jobs/cms5xaikj0001sgzwey5fwn8f'
}

----------------------------------------

[30 Jul 2026, 1:05:42 pm] INFO
{
  userId: 'cmr4ioo350001chzwpshzzwz9',
  notificationId: 'cms77826f0001oyzwlm4peq9j'
}
Customer requested mark notification as read

----------------------------------------

[30 Jul 2026, 1:05:42 pm] INFO
{
  userId: 'cmr4ioo350001chzwpshzzwz9',
  notificationId: 'cms77826f0001oyzwlm4peq9j'
}
Notification marked as read

----------------------------------------

[30 Jul 2026, 1:05:42 pm] INFO
{
  method: 'GET',
  path: '/api/customer/jobs/cms5xaikj0001sgzwey5fwn8f'
}

----------------------------------------

[30 Jul 2026, 1:05:42 pm] INFO
{
  method: 'GET',
  path: '/api/customer/jobs/cms5xaikj0001sgzwey5fwn8f/media'
}

----------------------------------------

[30 Jul 2026, 1:05:42 pm] INFO
{
  userId: 'cmr4ioo350001chzwpshzzwz9',
  jobId: 'cms5xaikj0001sgzwey5fwn8f'
}
Customer requested job details

----------------------------------------

[30 Jul 2026, 1:05:42 pm] INFO
{
  userId: 'cmr4ioo350001chzwpshzzwz9',
  jobId: 'cms5xaikj0001sgzwey5fwn8f'
}
Job details loaded successfully

----------------------------------------

[30 Jul 2026, 1:05:42 pm] INFO
{
  method: 'GET',
  path: '/api/customer/jobs/cms5xaikj0001sgzwey5fwn8f'
}

----------------------------------------

[30 Jul 2026, 1:05:42 pm] INFO
{
  userId: 'cmr4ioo350001chzwpshzzwz9',
  jobId: 'cms5xaikj0001sgzwey5fwn8f'
}
Fetching job media

----------------------------------------

[30 Jul 2026, 1:05:42 pm] INFO
{
  userId: 'cmr4ioo350001chzwpshzzwz9',
  jobId: 'cms5xaikj0001sgzwey5fwn8f',
  mediaCount: 0
}
Fetched job media successfully

----------------------------------------

[30 Jul 2026, 1:05:42 pm] INFO
{
  userId: 'cmr4ioo350001chzwpshzzwz9',
  jobId: 'cms5xaikj0001sgzwey5fwn8f'
}
Customer requested job details

----------------------------------------

[30 Jul 2026, 1:05:42 pm] INFO
{
  method: 'GET',
  path: '/api/customer/jobs/cms5xaikj0001sgzwey5fwn8f/media'
}

----------------------------------------

[30 Jul 2026, 1:05:42 pm] INFO
{
  userId: 'cmr4ioo350001chzwpshzzwz9',
  jobId: 'cms5xaikj0001sgzwey5fwn8f'
}
Job details loaded successfully

----------------------------------------

[30 Jul 2026, 1:05:42 pm] INFO
{
  userId: 'cmr4ioo350001chzwpshzzwz9',
  jobId: 'cms5xaikj0001sgzwey5fwn8f'
}
Fetching job media

----------------------------------------

[30 Jul 2026, 1:05:42 pm] INFO
{
  userId: 'cmr4ioo350001chzwpshzzwz9',
  jobId: 'cms5xaikj0001sgzwey5fwn8f',
  mediaCount: 0
}
Fetched job media successfully

----------------------------------------

[30 Jul 2026, 1:05:50 pm] INFO
{
  method: 'GET',
  path: '/api/notifications/unread-count'
}

----------------------------------------

[30 Jul 2026, 1:05:50 pm] INFO
{
  userId: 'cmr4ioo350001chzwpshzzwz9'
}
Customer requested unread notification count

----------------------------------------

[30 Jul 2026, 1:05:50 pm] INFO
{
  userId: 'cmr4ioo350001chzwpshzzwz9',
  unreadCount: 0
}
Unread notification count loaded successfully

----------------------------------------

[30 Jul 2026, 1:06:00 pm] INFO
{
  method: 'GET',
  path: '/api/notifications/unread-count'
}

----------------------------------------

[30 Jul 2026, 1:06:00 pm] INFO
{
  userId: 'cmr4ioo350001chzwpshzzwz9'
}
Customer requested unread notification count

----------------------------------------

[30 Jul 2026, 1:06:00 pm] INFO
{
  userId: 'cmr4ioo350001chzwpshzzwz9',
  unreadCount: 0
}
Unread notification count loaded successfully

----------------------------------------

[30 Jul 2026, 1:06:11 pm] INFO
{
  method: 'GET',
  path: '/api/notifications/unread-count'
}

----------------------------------------

[30 Jul 2026, 1:06:11 pm] INFO
{
  userId: 'cmr4ioo350001chzwpshzzwz9'
}
Customer requested unread notification count

----------------------------------------

[30 Jul 2026, 1:06:11 pm] INFO
{
  userId: 'cmr4ioo350001chzwpshzzwz9',
  unreadCount: 0
}
Unread notification count loaded successfully

----------------------------------------

[30 Jul 2026, 1:06:21 pm] INFO
{
  method: 'GET',
  path: '/api/notifications/unread-count'
}

----------------------------------------

[30 Jul 2026, 1:06:21 pm] INFO
{
  userId: 'cmr4ioo350001chzwpshzzwz9'
}
Customer requested unread notification count

----------------------------------------

[30 Jul 2026, 1:06:21 pm] INFO
{
  userId: 'cmr4ioo350001chzwpshzzwz9',
  unreadCount: 0
}
Unread notification count loaded successfully

----------------------------------------

[30 Jul 2026, 1:06:31 pm] INFO
{
  method: 'GET',
  path: '/api/notifications/unread-count'
}

----------------------------------------

[30 Jul 2026, 1:06:31 pm] INFO
{
  userId: 'cmr4ioo350001chzwpshzzwz9'
}
Customer requested unread notification count

----------------------------------------

[30 Jul 2026, 1:06:31 pm] INFO
{
  userId: 'cmr4ioo350001chzwpshzzwz9',
  unreadCount: 0
}
Unread notification count loaded successfully

----------------------------------------

[30 Jul 2026, 1:06:41 pm] INFO
{
  method: 'GET',
  path: '/api/notifications/unread-count'
}

----------------------------------------

[30 Jul 2026, 1:06:41 pm] INFO
{
  userId: 'cmr4ioo350001chzwpshzzwz9'
}
Customer requested unread notification count

----------------------------------------

[30 Jul 2026, 1:06:41 pm] INFO
{
  userId: 'cmr4ioo350001chzwpshzzwz9',
  unreadCount: 0
}
Unread notification count loaded successfully

----------------------------------------

[30 Jul 2026, 1:06:51 pm] INFO
{
  method: 'GET',
  path: '/api/notifications/unread-count'
}

----------------------------------------

[30 Jul 2026, 1:06:51 pm] INFO
{
  userId: 'cmr4ioo350001chzwpshzzwz9'
}
Customer requested unread notification count

----------------------------------------

[30 Jul 2026, 1:06:51 pm] INFO
{
  userId: 'cmr4ioo350001chzwpshzzwz9',
  unreadCount: 0
}
Unread notification count loaded successfully

----------------------------------------

[30 Jul 2026, 1:07:55 pm] INFO
{
  method: 'GET',
  path: '/customer/dashboard/jobs/cms5xaikj0001sgzwey5fwn8f'
}

----------------------------------------

[30 Jul 2026, 1:07:55 pm] INFO
{
  method: 'GET',
  path: '/api/customer/jobs/cms5xaikj0001sgzwey5fwn8f'
}

----------------------------------------

[30 Jul 2026, 1:07:55 pm] INFO
{
  method: 'GET',
  path: '/api/customer/jobs/cms5xaikj0001sgzwey5fwn8f/media'
}

----------------------------------------

[30 Jul 2026, 1:07:55 pm] INFO
{
  method: 'GET',
  path: '/api/notifications/unread-count'
}

----------------------------------------

[30 Jul 2026, 1:07:55 pm] INFO
{
  method: 'GET',
  path: '/api/user-profile'
}

----------------------------------------

[30 Jul 2026, 1:07:55 pm] INFO
{
  method: 'GET',
  path: '/api/customer/jobs/cms5xaikj0001sgzwey5fwn8f'
}

----------------------------------------

[30 Jul 2026, 1:07:55 pm] INFO
{
  method: 'GET',
  path: '/api/customer/jobs/cms5xaikj0001sgzwey5fwn8f/media'
}

----------------------------------------

[30 Jul 2026, 1:07:55 pm] INFO
{
  method: 'GET',
  path: '/api/notifications/unread-count'
}

----------------------------------------

[30 Jul 2026, 1:07:55 pm] INFO
{
  method: 'GET',
  path: '/api/user-profile'
}

----------------------------------------

[30 Jul 2026, 1:07:55 pm] INFO
Fetching user details

----------------------------------------

[30 Jul 2026, 1:07:55 pm] INFO
{
  userId: 'cmr4ioo350001chzwpshzzwz9'
}
Customer requested unread notification count

----------------------------------------

[30 Jul 2026, 1:07:55 pm] INFO
{
  userId: 'cmr4ioo350001chzwpshzzwz9',
  jobId: 'cms5xaikj0001sgzwey5fwn8f'
}
Customer requested job details

----------------------------------------

[30 Jul 2026, 1:07:55 pm] INFO
{
  userId: 'cmr4ioo350001chzwpshzzwz9',
  unreadCount: 0
}
Unread notification count loaded successfully

----------------------------------------

[30 Jul 2026, 1:07:55 pm] INFO
{
  userId: 'cmr4ioo350001chzwpshzzwz9',
  jobId: 'cms5xaikj0001sgzwey5fwn8f'
}
Fetching job media

----------------------------------------

[30 Jul 2026, 1:07:55 pm] INFO
User details fetched successfully

----------------------------------------

[30 Jul 2026, 1:07:55 pm] INFO
{
  userId: 'cmr4ioo350001chzwpshzzwz9',
  jobId: 'cms5xaikj0001sgzwey5fwn8f'
}
Job details loaded successfully

----------------------------------------

[30 Jul 2026, 1:07:55 pm] INFO
{
  userId: 'cmr4ioo350001chzwpshzzwz9',
  jobId: 'cms5xaikj0001sgzwey5fwn8f',
  mediaCount: 0
}
Fetched job media successfully

----------------------------------------

[30 Jul 2026, 1:08:05 pm] INFO
{
  method: 'GET',
  path: '/customer/dashboard/jobs/cms5xaikj0001sgzwey5fwn8f'
}

----------------------------------------

[30 Jul 2026, 1:08:06 pm] INFO
{
  method: 'GET',
  path: '/api/customer/jobs/cms5xaikj0001sgzwey5fwn8f'
}

----------------------------------------

[30 Jul 2026, 1:08:06 pm] INFO
{
  method: 'GET',
  path: '/api/customer/jobs/cms5xaikj0001sgzwey5fwn8f/media'
}

----------------------------------------

[30 Jul 2026, 1:08:06 pm] INFO
{
  method: 'GET',
  path: '/api/notifications/unread-count'
}

----------------------------------------

[30 Jul 2026, 1:08:06 pm] INFO
{
  method: 'GET',
  path: '/api/user-profile'
}

----------------------------------------

[30 Jul 2026, 1:08:06 pm] INFO
{
  userId: 'cmr4ioo350001chzwpshzzwz9',
  jobId: 'cms5xaikj0001sgzwey5fwn8f'
}
Customer requested job details

----------------------------------------

[30 Jul 2026, 1:08:06 pm] INFO
{
  userId: 'cmr4ioo350001chzwpshzzwz9',
  jobId: 'cms5xaikj0001sgzwey5fwn8f'
}
Job details loaded successfully

----------------------------------------

[30 Jul 2026, 1:08:06 pm] INFO
Fetching user details

----------------------------------------

[30 Jul 2026, 1:08:06 pm] INFO
User details fetched successfully

----------------------------------------

[30 Jul 2026, 1:08:06 pm] INFO
{
  userId: 'cmr4ioo350001chzwpshzzwz9'
}
Customer requested unread notification count

----------------------------------------

[30 Jul 2026, 1:08:06 pm] INFO
{
  userId: 'cmr4ioo350001chzwpshzzwz9',
  jobId: 'cms5xaikj0001sgzwey5fwn8f'
}
Fetching job media

----------------------------------------

[30 Jul 2026, 1:08:06 pm] INFO
{
  userId: 'cmr4ioo350001chzwpshzzwz9',
  unreadCount: 0
}
Unread notification count loaded successfully

----------------------------------------

[30 Jul 2026, 1:08:06 pm] INFO
{
  userId: 'cmr4ioo350001chzwpshzzwz9',
  jobId: 'cms5xaikj0001sgzwey5fwn8f',
  mediaCount: 0
}
Fetched job media successfully

----------------------------------------

[30 Jul 2026, 1:08:11 pm] INFO
{
  method: 'GET',
  path: '/customer/dashboard/jobs/cms5xaikj0001sgzwey5fwn8f'
}

----------------------------------------

[30 Jul 2026, 1:08:11 pm] INFO
{
  method: 'GET',
  path: '/api/customer/jobs/cms5xaikj0001sgzwey5fwn8f'
}

----------------------------------------

[30 Jul 2026, 1:08:11 pm] INFO
{
  method: 'GET',
  path: '/api/customer/jobs/cms5xaikj0001sgzwey5fwn8f/media'
}

----------------------------------------

[30 Jul 2026, 1:08:11 pm] INFO
{
  method: 'GET',
  path: '/api/notifications/unread-count'
}

----------------------------------------

[30 Jul 2026, 1:08:11 pm] INFO
{
  method: 'GET',
  path: '/api/user-profile'
}

----------------------------------------

[30 Jul 2026, 1:08:11 pm] INFO
Fetching user details

----------------------------------------

[30 Jul 2026, 1:08:11 pm] INFO
{
  userId: 'cmr4ioo350001chzwpshzzwz9'
}
Customer requested unread notification count

----------------------------------------

[30 Jul 2026, 1:08:11 pm] INFO
{
  userId: 'cmr4ioo350001chzwpshzzwz9',
  unreadCount: 0
}
Unread notification count loaded successfully

----------------------------------------

[30 Jul 2026, 1:08:11 pm] INFO
User details fetched successfully

----------------------------------------

[30 Jul 2026, 1:08:11 pm] INFO
{
  userId: 'cmr4ioo350001chzwpshzzwz9',
  jobId: 'cms5xaikj0001sgzwey5fwn8f'
}
Customer requested job details

----------------------------------------

[30 Jul 2026, 1:08:11 pm] INFO
{
  userId: 'cmr4ioo350001chzwpshzzwz9',
  jobId: 'cms5xaikj0001sgzwey5fwn8f'
}
Fetching job media

----------------------------------------

[30 Jul 2026, 1:08:11 pm] INFO
{
  userId: 'cmr4ioo350001chzwpshzzwz9',
  jobId: 'cms5xaikj0001sgzwey5fwn8f'
}
Job details loaded successfully

----------------------------------------

[30 Jul 2026, 1:08:11 pm] INFO
{
  userId: 'cmr4ioo350001chzwpshzzwz9',
  jobId: 'cms5xaikj0001sgzwey5fwn8f',
  mediaCount: 0
}
Fetched job media successfully

----------------------------------------

[30 Jul 2026, 1:08:13 pm] INFO
{
  method: 'GET',
  path: '/customer/dashboard/jobs/cms5xaikj0001sgzwey5fwn8f/bids'
}

----------------------------------------

[30 Jul 2026, 1:08:14 pm] INFO
{
  method: 'GET',
  path: '/api/customer/jobs/cms5xaikj0001sgzwey5fwn8f/bids'
}

----------------------------------------

[30 Jul 2026, 1:08:15 pm] INFO
{
  jobId: 'cms5xaikj0001sgzwey5fwn8f'
}
Fetching bids for job

----------------------------------------

[30 Jul 2026, 1:08:15 pm] INFO
{
  jobId: 'cms5xaikj0001sgzwey5fwn8f',
  bidCount: 1
}
Fetched job bids successfully

----------------------------------------

[30 Jul 2026, 1:08:15 pm] INFO
{
  method: 'GET',
  path: '/api/customer/jobs/cms5xaikj0001sgzwey5fwn8f/bids'
}

----------------------------------------

[30 Jul 2026, 1:08:15 pm] INFO
{
  jobId: 'cms5xaikj0001sgzwey5fwn8f'
}
Fetching bids for job

----------------------------------------

[30 Jul 2026, 1:08:15 pm] INFO
{
  jobId: 'cms5xaikj0001sgzwey5fwn8f',
  bidCount: 1
}
Fetched job bids successfully

----------------------------------------

[30 Jul 2026, 1:08:17 pm] INFO
{
  method: 'GET',
  path: '/customer/dashboard/jobs/cms5xaikj0001sgzwey5fwn8f'
}

----------------------------------------

[30 Jul 2026, 1:08:17 pm] INFO
{
  method: 'GET',
  path: '/api/customer/jobs/cms5xaikj0001sgzwey5fwn8f'
}

----------------------------------------

[30 Jul 2026, 1:08:17 pm] INFO
{
  method: 'GET',
  path: '/api/customer/jobs/cms5xaikj0001sgzwey5fwn8f/media'
}

----------------------------------------

[30 Jul 2026, 1:08:17 pm] INFO
{
  userId: 'cmr4ioo350001chzwpshzzwz9',
  jobId: 'cms5xaikj0001sgzwey5fwn8f'
}
Customer requested job details

----------------------------------------

[30 Jul 2026, 1:08:17 pm] INFO
{
  userId: 'cmr4ioo350001chzwpshzzwz9',
  jobId: 'cms5xaikj0001sgzwey5fwn8f'
}
Fetching job media

----------------------------------------

[30 Jul 2026, 1:08:17 pm] INFO
{
  userId: 'cmr4ioo350001chzwpshzzwz9',
  jobId: 'cms5xaikj0001sgzwey5fwn8f'
}
Job details loaded successfully

----------------------------------------

[30 Jul 2026, 1:08:17 pm] INFO
{
  userId: 'cmr4ioo350001chzwpshzzwz9',
  jobId: 'cms5xaikj0001sgzwey5fwn8f',
  mediaCount: 0
}
Fetched job media successfully

----------------------------------------

[30 Jul 2026, 1:08:17 pm] INFO
{
  method: 'GET',
  path: '/api/customer/jobs/cms5xaikj0001sgzwey5fwn8f'
}

----------------------------------------

[30 Jul 2026, 1:08:17 pm] INFO
{
  method: 'GET',
  path: '/api/customer/jobs/cms5xaikj0001sgzwey5fwn8f/media'
}

----------------------------------------

[30 Jul 2026, 1:08:17 pm] INFO
{
  userId: 'cmr4ioo350001chzwpshzzwz9',
  jobId: 'cms5xaikj0001sgzwey5fwn8f'
}
Customer requested job details

----------------------------------------

[30 Jul 2026, 1:08:17 pm] INFO
{
  userId: 'cmr4ioo350001chzwpshzzwz9',
  jobId: 'cms5xaikj0001sgzwey5fwn8f'
}
Fetching job media

----------------------------------------

[30 Jul 2026, 1:08:17 pm] INFO
{
  userId: 'cmr4ioo350001chzwpshzzwz9',
  jobId: 'cms5xaikj0001sgzwey5fwn8f'
}
Job details loaded successfully

----------------------------------------

[30 Jul 2026, 1:08:17 pm] INFO
{
  userId: 'cmr4ioo350001chzwpshzzwz9',
  jobId: 'cms5xaikj0001sgzwey5fwn8f',
  mediaCount: 0
}
Fetched job media successfully

----------------------------------------

[30 Jul 2026, 1:08:21 pm] INFO
{
  method: 'GET',
  path: '/api/notifications/unread-count'
}

----------------------------------------

[30 Jul 2026, 1:08:21 pm] INFO
{
  userId: 'cmr4ioo350001chzwpshzzwz9'
}
Customer requested unread notification count

----------------------------------------

[30 Jul 2026, 1:08:21 pm] INFO
{
  userId: 'cmr4ioo350001chzwpshzzwz9',
  unreadCount: 0
}
Unread notification count loaded successfully

----------------------------------------

[30 Jul 2026, 1:08:31 pm] INFO
{
  method: 'GET',
  path: '/api/notifications/unread-count'
}

----------------------------------------

[30 Jul 2026, 1:08:31 pm] INFO
{
  userId: 'cmr4ioo350001chzwpshzzwz9'
}
Customer requested unread notification count

----------------------------------------

[30 Jul 2026, 1:08:31 pm] INFO
{
  userId: 'cmr4ioo350001chzwpshzzwz9',
  unreadCount: 0
}
Unread notification count loaded successfully

----------------------------------------

[30 Jul 2026, 1:08:41 pm] INFO
{
  method: 'GET',
  path: '/api/notifications/unread-count'
}

----------------------------------------

[30 Jul 2026, 1:08:41 pm] INFO
{
  userId: 'cmr4ioo350001chzwpshzzwz9'
}
Customer requested unread notification count

----------------------------------------

[30 Jul 2026, 1:08:41 pm] INFO
{
  userId: 'cmr4ioo350001chzwpshzzwz9',
  unreadCount: 0
}
Unread notification count loaded successfully

----------------------------------------

[30 Jul 2026, 1:08:51 pm] INFO
{
  method: 'GET',
  path: '/api/notifications/unread-count'
}

----------------------------------------

[30 Jul 2026, 1:08:51 pm] INFO
{
  userId: 'cmr4ioo350001chzwpshzzwz9'
}
Customer requested unread notification count

----------------------------------------

[30 Jul 2026, 1:08:51 pm] INFO
{
  userId: 'cmr4ioo350001chzwpshzzwz9',
  unreadCount: 0
}
Unread notification count loaded successfully

----------------------------------------

[30 Jul 2026, 1:09:01 pm] INFO
{
  method: 'GET',
  path: '/api/notifications/unread-count'
}

----------------------------------------

[30 Jul 2026, 1:09:01 pm] INFO
{
  userId: 'cmr4ioo350001chzwpshzzwz9'
}
Customer requested unread notification count

----------------------------------------

[30 Jul 2026, 1:09:01 pm] INFO
{
  userId: 'cmr4ioo350001chzwpshzzwz9',
  unreadCount: 0
}
Unread notification count loaded successfully

----------------------------------------

[30 Jul 2026, 1:09:12 pm] INFO
{
  method: 'GET',
  path: '/api/notifications/unread-count'
}

----------------------------------------

[30 Jul 2026, 1:09:12 pm] INFO
{
  userId: 'cmr4ioo350001chzwpshzzwz9'
}
Customer requested unread notification count

----------------------------------------

[30 Jul 2026, 1:09:12 pm] INFO
{
  userId: 'cmr4ioo350001chzwpshzzwz9',
  unreadCount: 0
}
Unread notification count loaded successfully

----------------------------------------

[30 Jul 2026, 1:09:22 pm] INFO
{
  method: 'GET',
  path: '/api/notifications/unread-count'
}

----------------------------------------

[30 Jul 2026, 1:09:22 pm] INFO
{
  userId: 'cmr4ioo350001chzwpshzzwz9'
}
Customer requested unread notification count

----------------------------------------

[30 Jul 2026, 1:09:22 pm] INFO
{
  userId: 'cmr4ioo350001chzwpshzzwz9',
  unreadCount: 0
}
Unread notification count loaded successfully

----------------------------------------

[30 Jul 2026, 1:09:32 pm] INFO
{
  method: 'GET',
  path: '/api/notifications/unread-count'
}

----------------------------------------

[30 Jul 2026, 1:09:32 pm] INFO
{
  userId: 'cmr4ioo350001chzwpshzzwz9'
}
Customer requested unread notification count

----------------------------------------

[30 Jul 2026, 1:09:32 pm] INFO
{
  userId: 'cmr4ioo350001chzwpshzzwz9',
  unreadCount: 0
}
Unread notification count loaded successfully

----------------------------------------

[30 Jul 2026, 1:09:42 pm] INFO
{
  method: 'GET',
  path: '/api/notifications/unread-count'
}

----------------------------------------

[30 Jul 2026, 1:09:42 pm] INFO
{
  userId: 'cmr4ioo350001chzwpshzzwz9'
}
Customer requested unread notification count

----------------------------------------

[30 Jul 2026, 1:09:42 pm] INFO
{
  userId: 'cmr4ioo350001chzwpshzzwz9',
  unreadCount: 0
}
Unread notification count loaded successfully

----------------------------------------

[30 Jul 2026, 1:09:52 pm] INFO
{
  method: 'GET',
  path: '/api/notifications/unread-count'
}

----------------------------------------

[30 Jul 2026, 1:09:52 pm] INFO
{
  userId: 'cmr4ioo350001chzwpshzzwz9'
}
Customer requested unread notification count

----------------------------------------

[30 Jul 2026, 1:09:52 pm] INFO
{
  userId: 'cmr4ioo350001chzwpshzzwz9',
  unreadCount: 0
}
Unread notification count loaded successfully

----------------------------------------

[30 Jul 2026, 1:10:21 pm] INFO
{
  method: 'GET',
  path: '/api/notifications/unread-count'
}

----------------------------------------

[30 Jul 2026, 1:10:21 pm] INFO
{
  userId: 'cmr4ioo350001chzwpshzzwz9'
}
Customer requested unread notification count

----------------------------------------

[30 Jul 2026, 1:10:21 pm] INFO
{
  userId: 'cmr4ioo350001chzwpshzzwz9',
  unreadCount: 0
}
Unread notification count loaded successfully

----------------------------------------

[30 Jul 2026, 1:11:21 pm] INFO
{
  method: 'GET',
  path: '/api/notifications/unread-count'
}

----------------------------------------

[30 Jul 2026, 1:11:21 pm] INFO
{
  userId: 'cmr4ioo350001chzwpshzzwz9'
}
Customer requested unread notification count

----------------------------------------

[30 Jul 2026, 1:11:21 pm] INFO
{
  userId: 'cmr4ioo350001chzwpshzzwz9',
  unreadCount: 0
}
Unread notification count loaded successfully

----------------------------------------

[30 Jul 2026, 1:11:50 pm] INFO
{
  method: 'GET',
  path: '/customer/dashboard/jobs/cms5xaikj0001sgzwey5fwn8f'
}

----------------------------------------

[30 Jul 2026, 1:11:50 pm] INFO
{
  method: 'GET',
  path: '/customer/dashboard/jobs/cms5xaikj0001sgzwey5fwn8f'
}

----------------------------------------

[30 Jul 2026, 1:11:50 pm] INFO
{
  method: 'GET',
  path: '/customer/dashboard/jobs/cms5xaikj0001sgzwey5fwn8f'
}

----------------------------------------

[30 Jul 2026, 1:12:34 pm] INFO
{
  method: 'GET',
  path: '/customer/dashboard/jobs/cms5xaikj0001sgzwey5fwn8f'
}

----------------------------------------

[30 Jul 2026, 1:12:34 pm] INFO
{
  method: 'GET',
  path: '/customer/dashboard/jobs/cms5xaikj0001sgzwey5fwn8f'
}

----------------------------------------

[30 Jul 2026, 1:15:41 pm] INFO
{
  method: 'GET',
  path: '/customer/dashboard/jobs/cms5xaikj0001sgzwey5fwn8f'
}

----------------------------------------

[30 Jul 2026, 1:15:41 pm] INFO
{
  method: 'GET',
  path: '/customer/dashboard/jobs/cms5xaikj0001sgzwey5fwn8f'
}

----------------------------------------

[30 Jul 2026, 1:15:42 pm] INFO
{
  method: 'GET',
  path: '/api/customer/jobs/cms5xaikj0001sgzwey5fwn8f'
}

----------------------------------------

[30 Jul 2026, 1:15:42 pm] INFO
{
  method: 'GET',
  path: '/api/customer/jobs/cms5xaikj0001sgzwey5fwn8f/media'
}

----------------------------------------

[30 Jul 2026, 1:15:42 pm] INFO
{
  method: 'GET',
  path: '/api/notifications/unread-count'
}

----------------------------------------

[30 Jul 2026, 1:15:42 pm] INFO
{
  method: 'GET',
  path: '/api/user-profile'
}

----------------------------------------

[30 Jul 2026, 1:15:42 pm] INFO
Fetching user details

----------------------------------------

[30 Jul 2026, 1:15:42 pm] INFO
{
  userId: 'cmr4ioo350001chzwpshzzwz9',
  jobId: 'cms5xaikj0001sgzwey5fwn8f'
}
Customer requested job details

----------------------------------------

[30 Jul 2026, 1:15:42 pm] INFO
User details fetched successfully

----------------------------------------

[30 Jul 2026, 1:15:42 pm] INFO
{
  userId: 'cmr4ioo350001chzwpshzzwz9',
  jobId: 'cms5xaikj0001sgzwey5fwn8f'
}
Job details loaded successfully

----------------------------------------

[30 Jul 2026, 1:15:42 pm] INFO
{
  userId: 'cmr4ioo350001chzwpshzzwz9',
  jobId: 'cms5xaikj0001sgzwey5fwn8f'
}
Fetching job media

----------------------------------------

[30 Jul 2026, 1:15:42 pm] INFO
{
  userId: 'cmr4ioo350001chzwpshzzwz9'
}
Customer requested unread notification count

----------------------------------------

[30 Jul 2026, 1:15:42 pm] INFO
{
  userId: 'cmr4ioo350001chzwpshzzwz9',
  unreadCount: 0
}
Unread notification count loaded successfully

----------------------------------------

[30 Jul 2026, 1:15:42 pm] INFO
{
  userId: 'cmr4ioo350001chzwpshzzwz9',
  jobId: 'cms5xaikj0001sgzwey5fwn8f',
  mediaCount: 0
}
Fetched job media successfully

----------------------------------------

[30 Jul 2026, 1:15:46 pm] INFO
{
  method: 'GET',
  path: '/customer/dashboard/jobs/cms5xaikj0001sgzwey5fwn8f'
}

----------------------------------------

[30 Jul 2026, 1:15:46 pm] INFO
{
  method: 'GET',
  path: '/api/customer/jobs/cms5xaikj0001sgzwey5fwn8f'
}

----------------------------------------

[30 Jul 2026, 1:15:46 pm] INFO
{
  method: 'GET',
  path: '/api/customer/jobs/cms5xaikj0001sgzwey5fwn8f/media'
}

----------------------------------------

[30 Jul 2026, 1:15:46 pm] INFO
{
  method: 'GET',
  path: '/api/notifications/unread-count'
}

----------------------------------------

[30 Jul 2026, 1:15:46 pm] INFO
{
  method: 'GET',
  path: '/api/user-profile'
}

----------------------------------------

[30 Jul 2026, 1:15:46 pm] INFO
Fetching user details

----------------------------------------

[30 Jul 2026, 1:15:46 pm] INFO
{
  userId: 'cmr4ioo350001chzwpshzzwz9'
}
Customer requested unread notification count

----------------------------------------

[30 Jul 2026, 1:15:46 pm] INFO
{
  userId: 'cmr4ioo350001chzwpshzzwz9',
  unreadCount: 0
}
Unread notification count loaded successfully

----------------------------------------

[30 Jul 2026, 1:15:46 pm] INFO
{
  userId: 'cmr4ioo350001chzwpshzzwz9',
  jobId: 'cms5xaikj0001sgzwey5fwn8f'
}
Customer requested job details

----------------------------------------

[30 Jul 2026, 1:15:46 pm] INFO
{
  userId: 'cmr4ioo350001chzwpshzzwz9',
  jobId: 'cms5xaikj0001sgzwey5fwn8f'
}
Fetching job media

----------------------------------------

[30 Jul 2026, 1:15:46 pm] INFO
User details fetched successfully

----------------------------------------

[30 Jul 2026, 1:15:46 pm] INFO
{
  userId: 'cmr4ioo350001chzwpshzzwz9',
  jobId: 'cms5xaikj0001sgzwey5fwn8f'
}
Job details loaded successfully

----------------------------------------

[30 Jul 2026, 1:15:46 pm] INFO
{
  userId: 'cmr4ioo350001chzwpshzzwz9',
  jobId: 'cms5xaikj0001sgzwey5fwn8f',
  mediaCount: 0
}
Fetched job media successfully

----------------------------------------

[30 Jul 2026, 1:15:50 pm] INFO
{
  method: 'GET',
  path: '/customer/dashboard/jobs/cms5xaikj0001sgzwey5fwn8f/bids'
}

----------------------------------------

[30 Jul 2026, 1:15:50 pm] INFO
{
  method: 'GET',
  path: '/api/customer/jobs/cms5xaikj0001sgzwey5fwn8f/bids'
}

----------------------------------------

[30 Jul 2026, 1:15:50 pm] INFO
{
  jobId: 'cms5xaikj0001sgzwey5fwn8f'
}
Fetching bids for job

----------------------------------------

[30 Jul 2026, 1:15:50 pm] INFO
{
  jobId: 'cms5xaikj0001sgzwey5fwn8f',
  bidCount: 1
}
Fetched job bids successfully

----------------------------------------

[30 Jul 2026, 1:15:50 pm] INFO
{
  method: 'GET',
  path: '/api/customer/jobs/cms5xaikj0001sgzwey5fwn8f/bids'
}

----------------------------------------

[30 Jul 2026, 1:15:50 pm] INFO
{
  jobId: 'cms5xaikj0001sgzwey5fwn8f'
}
Fetching bids for job

----------------------------------------

[30 Jul 2026, 1:15:50 pm] INFO
{
  jobId: 'cms5xaikj0001sgzwey5fwn8f',
  bidCount: 1
}
Fetched job bids successfully

----------------------------------------

[30 Jul 2026, 1:15:52 pm] INFO
{
  method: 'GET',
  path: '/customer/dashboard/jobs/cms5xaikj0001sgzwey5fwn8f/bids/cmr4iqxbg0005chzweogjavif'
}

----------------------------------------

[30 Jul 2026, 1:15:53 pm] INFO
{
  method: 'GET',
  path: '/api/customer/providers/cmr4iqxbg0005chzweogjavif'
}

----------------------------------------

[30 Jul 2026, 1:15:54 pm] INFO
{
  userId: 'cmr4ioo350001chzwpshzzwz9',
  providerId: 'cmr4iqxbg0005chzweogjavif'
}
Customer requested provider profile

----------------------------------------

[30 Jul 2026, 1:15:54 pm] INFO
{
  userId: 'cmr4ioo350001chzwpshzzwz9',
  providerId: 'cmr4iqxbg0005chzweogjavif',
  reviewCount: 3
}
Provider profile loaded successfully

----------------------------------------

[30 Jul 2026, 1:15:54 pm] INFO
{
  method: 'GET',
  path: '/api/customer/providers/cmr4iqxbg0005chzweogjavif'
}

----------------------------------------

[30 Jul 2026, 1:15:54 pm] INFO
{
  userId: 'cmr4ioo350001chzwpshzzwz9',
  providerId: 'cmr4iqxbg0005chzweogjavif'
}
Customer requested provider profile

----------------------------------------

[30 Jul 2026, 1:15:54 pm] INFO
{
  userId: 'cmr4ioo350001chzwpshzzwz9',
  providerId: 'cmr4iqxbg0005chzweogjavif',
  reviewCount: 3
}
Provider profile loaded successfully

----------------------------------------

[30 Jul 2026, 1:15:56 pm] INFO
{
  method: 'GET',
  path: '/api/notifications/unread-count'
}

----------------------------------------

[30 Jul 2026, 1:15:56 pm] INFO
{
  userId: 'cmr4ioo350001chzwpshzzwz9'
}
Customer requested unread notification count

----------------------------------------

[30 Jul 2026, 1:15:56 pm] INFO
{
  userId: 'cmr4ioo350001chzwpshzzwz9',
  unreadCount: 0
}
Unread notification count loaded successfully

----------------------------------------

[30 Jul 2026, 1:16:07 pm] INFO
{
  method: 'GET',
  path: '/api/notifications/unread-count'
}

----------------------------------------

[30 Jul 2026, 1:16:07 pm] INFO
{
  userId: 'cmr4ioo350001chzwpshzzwz9'
}
Customer requested unread notification count

----------------------------------------

[30 Jul 2026, 1:16:07 pm] INFO
{
  userId: 'cmr4ioo350001chzwpshzzwz9',
  unreadCount: 0
}
Unread notification count loaded successfully

----------------------------------------

[30 Jul 2026, 1:16:17 pm] INFO
{
  method: 'GET',
  path: '/api/notifications/unread-count'
}

----------------------------------------

[30 Jul 2026, 1:16:17 pm] INFO
{
  userId: 'cmr4ioo350001chzwpshzzwz9'
}
Customer requested unread notification count

----------------------------------------

[30 Jul 2026, 1:16:17 pm] INFO
{
  userId: 'cmr4ioo350001chzwpshzzwz9',
  unreadCount: 0
}
Unread notification count loaded successfully

----------------------------------------

[30 Jul 2026, 1:16:27 pm] INFO
{
  method: 'GET',
  path: '/api/notifications/unread-count'
}

----------------------------------------

[30 Jul 2026, 1:16:27 pm] INFO
{
  userId: 'cmr4ioo350001chzwpshzzwz9'
}
Customer requested unread notification count

----------------------------------------

[30 Jul 2026, 1:16:27 pm] INFO
{
  userId: 'cmr4ioo350001chzwpshzzwz9',
  unreadCount: 0
}
Unread notification count loaded successfully

----------------------------------------

[30 Jul 2026, 1:16:37 pm] INFO
{
  method: 'GET',
  path: '/api/notifications/unread-count'
}

----------------------------------------

[30 Jul 2026, 1:16:37 pm] INFO
{
  userId: 'cmr4ioo350001chzwpshzzwz9'
}
Customer requested unread notification count

----------------------------------------

[30 Jul 2026, 1:16:37 pm] INFO
{
  userId: 'cmr4ioo350001chzwpshzzwz9',
  unreadCount: 0
}
Unread notification count loaded successfully

----------------------------------------

[30 Jul 2026, 1:16:47 pm] INFO
{
  method: 'GET',
  path: '/api/notifications/unread-count'
}

----------------------------------------

[30 Jul 2026, 1:16:47 pm] INFO
{
  userId: 'cmr4ioo350001chzwpshzzwz9'
}
Customer requested unread notification count

----------------------------------------

[30 Jul 2026, 1:16:47 pm] INFO
{
  userId: 'cmr4ioo350001chzwpshzzwz9',
  unreadCount: 0
}
Unread notification count loaded successfully

----------------------------------------

[30 Jul 2026, 1:16:57 pm] INFO
{
  method: 'GET',
  path: '/api/notifications/unread-count'
}

----------------------------------------

[30 Jul 2026, 1:16:57 pm] INFO
{
  userId: 'cmr4ioo350001chzwpshzzwz9'
}
Customer requested unread notification count

----------------------------------------

[30 Jul 2026, 1:16:57 pm] INFO
{
  userId: 'cmr4ioo350001chzwpshzzwz9',
  unreadCount: 0
}
Unread notification count loaded successfully

----------------------------------------

[30 Jul 2026, 1:17:21 pm] INFO
{
  method: 'GET',
  path: '/api/notifications/unread-count'
}

----------------------------------------

[30 Jul 2026, 1:17:21 pm] INFO
{
  userId: 'cmr4ioo350001chzwpshzzwz9'
}
Customer requested unread notification count

----------------------------------------

[30 Jul 2026, 1:17:21 pm] INFO
{
  userId: 'cmr4ioo350001chzwpshzzwz9',
  unreadCount: 0
}
Unread notification count loaded successfully

----------------------------------------

[30 Jul 2026, 1:18:21 pm] INFO
{
  method: 'GET',
  path: '/api/notifications/unread-count'
}

----------------------------------------

[30 Jul 2026, 1:18:21 pm] INFO
{
  userId: 'cmr4ioo350001chzwpshzzwz9'
}
Customer requested unread notification count

----------------------------------------

[30 Jul 2026, 1:18:21 pm] INFO
{
  userId: 'cmr4ioo350001chzwpshzzwz9',
  unreadCount: 0
}
Unread notification count loaded successfully

----------------------------------------

[30 Jul 2026, 1:19:21 pm] INFO
{
  method: 'GET',
  path: '/api/notifications/unread-count'
}

----------------------------------------

[30 Jul 2026, 1:19:21 pm] INFO
{
  userId: 'cmr4ioo350001chzwpshzzwz9'
}
Customer requested unread notification count

----------------------------------------

[30 Jul 2026, 1:19:21 pm] INFO
{
  userId: 'cmr4ioo350001chzwpshzzwz9',
  unreadCount: 0
}
Unread notification count loaded successfully

----------------------------------------

[30 Jul 2026, 1:20:21 pm] INFO
{
  method: 'GET',
  path: '/api/notifications/unread-count'
}

----------------------------------------

[30 Jul 2026, 1:20:21 pm] INFO
{
  userId: 'cmr4ioo350001chzwpshzzwz9'
}
Customer requested unread notification count

----------------------------------------

[30 Jul 2026, 1:20:21 pm] INFO
{
  userId: 'cmr4ioo350001chzwpshzzwz9',
  unreadCount: 0
}
Unread notification count loaded successfully

----------------------------------------

[30 Jul 2026, 1:21:21 pm] INFO
{
  method: 'GET',
  path: '/api/notifications/unread-count'
}

----------------------------------------

[30 Jul 2026, 1:21:21 pm] INFO
{
  userId: 'cmr4ioo350001chzwpshzzwz9'
}
Customer requested unread notification count

----------------------------------------

[30 Jul 2026, 1:21:21 pm] INFO
{
  userId: 'cmr4ioo350001chzwpshzzwz9',
  unreadCount: 0
}
Unread notification count loaded successfully

----------------------------------------

[30 Jul 2026, 1:22:21 pm] INFO
{
  method: 'GET',
  path: '/api/notifications/unread-count'
}

----------------------------------------

[30 Jul 2026, 1:22:21 pm] INFO
{
  userId: 'cmr4ioo350001chzwpshzzwz9'
}
Customer requested unread notification count

----------------------------------------

[30 Jul 2026, 1:22:21 pm] INFO
{
  userId: 'cmr4ioo350001chzwpshzzwz9',
  unreadCount: 0
}
Unread notification count loaded successfully

----------------------------------------

[30 Jul 2026, 1:23:21 pm] INFO
{
  method: 'GET',
  path: '/api/notifications/unread-count'
}

----------------------------------------

[30 Jul 2026, 1:23:21 pm] INFO
{
  userId: 'cmr4ioo350001chzwpshzzwz9'
}
Customer requested unread notification count

----------------------------------------

[30 Jul 2026, 1:23:21 pm] INFO
{
  userId: 'cmr4ioo350001chzwpshzzwz9',
  unreadCount: 0
}
Unread notification count loaded successfully

----------------------------------------

[30 Jul 2026, 1:24:21 pm] INFO
{
  method: 'GET',
  path: '/api/notifications/unread-count'
}

----------------------------------------

[30 Jul 2026, 1:24:21 pm] INFO
{
  userId: 'cmr4ioo350001chzwpshzzwz9'
}
Customer requested unread notification count

----------------------------------------

[30 Jul 2026, 1:24:21 pm] INFO
{
  userId: 'cmr4ioo350001chzwpshzzwz9',
  unreadCount: 0
}
Unread notification count loaded successfully

----------------------------------------

[30 Jul 2026, 1:25:21 pm] INFO
{
  method: 'GET',
  path: '/api/notifications/unread-count'
}

----------------------------------------

[30 Jul 2026, 1:25:21 pm] INFO
{
  userId: 'cmr4ioo350001chzwpshzzwz9'
}
Customer requested unread notification count

----------------------------------------

[30 Jul 2026, 1:25:21 pm] INFO
{
  userId: 'cmr4ioo350001chzwpshzzwz9',
  unreadCount: 0
}
Unread notification count loaded successfully

----------------------------------------

[30 Jul 2026, 1:26:21 pm] INFO
{
  method: 'GET',
  path: '/api/notifications/unread-count'
}

----------------------------------------

[30 Jul 2026, 1:26:21 pm] INFO
{
  userId: 'cmr4ioo350001chzwpshzzwz9'
}
Customer requested unread notification count

----------------------------------------

[30 Jul 2026, 1:26:21 pm] INFO
{
  userId: 'cmr4ioo350001chzwpshzzwz9',
  unreadCount: 0
}
Unread notification count loaded successfully

----------------------------------------

[30 Jul 2026, 1:27:21 pm] INFO
{
  method: 'GET',
  path: '/api/notifications/unread-count'
}

----------------------------------------

[30 Jul 2026, 1:27:21 pm] INFO
{
  userId: 'cmr4ioo350001chzwpshzzwz9'
}
Customer requested unread notification count

----------------------------------------

[30 Jul 2026, 1:27:21 pm] INFO
{
  userId: 'cmr4ioo350001chzwpshzzwz9',
  unreadCount: 0
}
Unread notification count loaded successfully

----------------------------------------

[30 Jul 2026, 1:28:21 pm] INFO
{
  method: 'GET',
  path: '/api/notifications/unread-count'
}

----------------------------------------

[30 Jul 2026, 1:28:21 pm] INFO
{
  userId: 'cmr4ioo350001chzwpshzzwz9'
}
Customer requested unread notification count

----------------------------------------

[30 Jul 2026, 1:28:21 pm] INFO
{
  userId: 'cmr4ioo350001chzwpshzzwz9',
  unreadCount: 0
}
Unread notification count loaded successfully

----------------------------------------

[30 Jul 2026, 1:29:21 pm] INFO
{
  method: 'GET',
  path: '/api/notifications/unread-count'
}

----------------------------------------

[30 Jul 2026, 1:29:21 pm] INFO
{
  userId: 'cmr4ioo350001chzwpshzzwz9'
}
Customer requested unread notification count

----------------------------------------

[30 Jul 2026, 1:29:21 pm] INFO
{
  userId: 'cmr4ioo350001chzwpshzzwz9',
  unreadCount: 0
}
Unread notification count loaded successfully

----------------------------------------

[30 Jul 2026, 1:30:21 pm] INFO
{
  method: 'GET',
  path: '/api/notifications/unread-count'
}

----------------------------------------

[30 Jul 2026, 1:30:21 pm] INFO
{
  userId: 'cmr4ioo350001chzwpshzzwz9'
}
Customer requested unread notification count

----------------------------------------

[30 Jul 2026, 1:30:21 pm] INFO
{
  userId: 'cmr4ioo350001chzwpshzzwz9',
  unreadCount: 0
}
Unread notification count loaded successfully

----------------------------------------

[30 Jul 2026, 1:31:21 pm] INFO
{
  method: 'GET',
  path: '/api/notifications/unread-count'
}

----------------------------------------

[30 Jul 2026, 1:31:21 pm] INFO
{
  userId: 'cmr4ioo350001chzwpshzzwz9'
}
Customer requested unread notification count

----------------------------------------

[30 Jul 2026, 1:31:21 pm] INFO
{
  userId: 'cmr4ioo350001chzwpshzzwz9',
  unreadCount: 0
}
Unread notification count loaded successfully

----------------------------------------

[30 Jul 2026, 1:32:21 pm] INFO
{
  method: 'GET',
  path: '/api/notifications/unread-count'
}

----------------------------------------

[30 Jul 2026, 1:32:21 pm] INFO
{
  userId: 'cmr4ioo350001chzwpshzzwz9'
}
Customer requested unread notification count

----------------------------------------

[30 Jul 2026, 1:32:21 pm] INFO
{
  userId: 'cmr4ioo350001chzwpshzzwz9',
  unreadCount: 0
}
Unread notification count loaded successfully

----------------------------------------

[30 Jul 2026, 1:33:21 pm] INFO
{
  method: 'GET',
  path: '/api/notifications/unread-count'
}

----------------------------------------

[30 Jul 2026, 1:33:21 pm] INFO
{
  userId: 'cmr4ioo350001chzwpshzzwz9'
}
Customer requested unread notification count

----------------------------------------

[30 Jul 2026, 1:33:21 pm] INFO
{
  userId: 'cmr4ioo350001chzwpshzzwz9',
  unreadCount: 0
}
Unread notification count loaded successfully

----------------------------------------

[30 Jul 2026, 1:34:21 pm] INFO
{
  method: 'GET',
  path: '/api/notifications/unread-count'
}

----------------------------------------

[30 Jul 2026, 1:34:21 pm] INFO
{
  userId: 'cmr4ioo350001chzwpshzzwz9'
}
Customer requested unread notification count

----------------------------------------

[30 Jul 2026, 1:34:21 pm] INFO
{
  userId: 'cmr4ioo350001chzwpshzzwz9',
  unreadCount: 0
}
Unread notification count loaded successfully

----------------------------------------

[30 Jul 2026, 1:35:21 pm] INFO
{
  method: 'GET',
  path: '/api/notifications/unread-count'
}

----------------------------------------

[30 Jul 2026, 1:35:21 pm] INFO
{
  userId: 'cmr4ioo350001chzwpshzzwz9'
}
Customer requested unread notification count

----------------------------------------

[30 Jul 2026, 1:35:21 pm] INFO
{
  userId: 'cmr4ioo350001chzwpshzzwz9',
  unreadCount: 0
}
Unread notification count loaded successfully

----------------------------------------

[30 Jul 2026, 1:36:21 pm] INFO
{
  method: 'GET',
  path: '/api/notifications/unread-count'
}

----------------------------------------

[30 Jul 2026, 1:36:21 pm] INFO
{
  userId: 'cmr4ioo350001chzwpshzzwz9'
}
Customer requested unread notification count

----------------------------------------

[30 Jul 2026, 1:36:21 pm] INFO
{
  userId: 'cmr4ioo350001chzwpshzzwz9',
  unreadCount: 0
}
Unread notification count loaded successfully

----------------------------------------

[30 Jul 2026, 1:37:21 pm] INFO
{
  method: 'GET',
  path: '/api/notifications/unread-count'
}

----------------------------------------

[30 Jul 2026, 1:37:21 pm] INFO
{
  userId: 'cmr4ioo350001chzwpshzzwz9'
}
Customer requested unread notification count

----------------------------------------

[30 Jul 2026, 1:37:21 pm] INFO
{
  userId: 'cmr4ioo350001chzwpshzzwz9',
  unreadCount: 0
}
Unread notification count loaded successfully

----------------------------------------

[30 Jul 2026, 1:38:21 pm] INFO
{
  method: 'GET',
  path: '/api/notifications/unread-count'
}

----------------------------------------

[30 Jul 2026, 1:38:21 pm] INFO
{
  userId: 'cmr4ioo350001chzwpshzzwz9'
}
Customer requested unread notification count

----------------------------------------

[30 Jul 2026, 1:38:21 pm] INFO
{
  userId: 'cmr4ioo350001chzwpshzzwz9',
  unreadCount: 0
}
Unread notification count loaded successfully

----------------------------------------

[30 Jul 2026, 1:39:21 pm] INFO
{
  method: 'GET',
  path: '/api/notifications/unread-count'
}

----------------------------------------

[30 Jul 2026, 1:39:21 pm] INFO
{
  userId: 'cmr4ioo350001chzwpshzzwz9'
}
Customer requested unread notification count

----------------------------------------

[30 Jul 2026, 1:39:21 pm] INFO
{
  userId: 'cmr4ioo350001chzwpshzzwz9',
  unreadCount: 0
}
Unread notification count loaded successfully

----------------------------------------

[30 Jul 2026, 1:40:21 pm] INFO
{
  method: 'GET',
  path: '/api/notifications/unread-count'
}

----------------------------------------

[30 Jul 2026, 1:40:21 pm] INFO
{
  userId: 'cmr4ioo350001chzwpshzzwz9'
}
Customer requested unread notification count

----------------------------------------

[30 Jul 2026, 1:40:21 pm] INFO
{
  userId: 'cmr4ioo350001chzwpshzzwz9',
  unreadCount: 0
}
Unread notification count loaded successfully

----------------------------------------

[30 Jul 2026, 1:41:21 pm] INFO
{
  method: 'GET',
  path: '/api/notifications/unread-count'
}

----------------------------------------

[30 Jul 2026, 1:41:21 pm] INFO
{
  userId: 'cmr4ioo350001chzwpshzzwz9'
}
Customer requested unread notification count

----------------------------------------

[30 Jul 2026, 1:41:21 pm] INFO
{
  userId: 'cmr4ioo350001chzwpshzzwz9',
  unreadCount: 0
}
Unread notification count loaded successfully

----------------------------------------

[30 Jul 2026, 1:42:21 pm] INFO
{
  method: 'GET',
  path: '/api/notifications/unread-count'
}

----------------------------------------

[30 Jul 2026, 1:42:21 pm] INFO
{
  userId: 'cmr4ioo350001chzwpshzzwz9'
}
Customer requested unread notification count

----------------------------------------

[30 Jul 2026, 1:42:21 pm] INFO
{
  userId: 'cmr4ioo350001chzwpshzzwz9',
  unreadCount: 0
}
Unread notification count loaded successfully

----------------------------------------

[30 Jul 2026, 1:43:21 pm] INFO
{
  method: 'GET',
  path: '/api/notifications/unread-count'
}

----------------------------------------

[30 Jul 2026, 1:43:21 pm] INFO
{
  userId: 'cmr4ioo350001chzwpshzzwz9'
}
Customer requested unread notification count

----------------------------------------

[30 Jul 2026, 1:43:21 pm] INFO
{
  userId: 'cmr4ioo350001chzwpshzzwz9',
  unreadCount: 0
}
Unread notification count loaded successfully

----------------------------------------

[30 Jul 2026, 1:44:21 pm] INFO
{
  method: 'GET',
  path: '/api/notifications/unread-count'
}

----------------------------------------

[30 Jul 2026, 1:44:21 pm] INFO
{
  userId: 'cmr4ioo350001chzwpshzzwz9'
}
Customer requested unread notification count

----------------------------------------

[30 Jul 2026, 1:44:21 pm] INFO
{
  userId: 'cmr4ioo350001chzwpshzzwz9',
  unreadCount: 0
}
Unread notification count loaded successfully

----------------------------------------

[30 Jul 2026, 1:45:21 pm] INFO
{
  method: 'GET',
  path: '/api/notifications/unread-count'
}

----------------------------------------

[30 Jul 2026, 1:45:21 pm] INFO
{
  userId: 'cmr4ioo350001chzwpshzzwz9'
}
Customer requested unread notification count

----------------------------------------

[30 Jul 2026, 1:45:21 pm] INFO
{
  userId: 'cmr4ioo350001chzwpshzzwz9',
  unreadCount: 0
}
Unread notification count loaded successfully

----------------------------------------

[30 Jul 2026, 1:46:21 pm] INFO
{
  method: 'GET',
  path: '/api/notifications/unread-count'
}

----------------------------------------

[30 Jul 2026, 1:46:21 pm] INFO
{
  userId: 'cmr4ioo350001chzwpshzzwz9'
}
Customer requested unread notification count

----------------------------------------

[30 Jul 2026, 1:46:21 pm] INFO
{
  userId: 'cmr4ioo350001chzwpshzzwz9',
  unreadCount: 0
}
Unread notification count loaded successfully

----------------------------------------

[30 Jul 2026, 1:47:21 pm] INFO
{
  method: 'GET',
  path: '/api/notifications/unread-count'
}

----------------------------------------

[30 Jul 2026, 1:47:21 pm] INFO
{
  userId: 'cmr4ioo350001chzwpshzzwz9'
}
Customer requested unread notification count

----------------------------------------

[30 Jul 2026, 1:47:21 pm] INFO
{
  userId: 'cmr4ioo350001chzwpshzzwz9',
  unreadCount: 0
}
Unread notification count loaded successfully

----------------------------------------

[30 Jul 2026, 1:48:21 pm] INFO
{
  method: 'GET',
  path: '/api/notifications/unread-count'
}

----------------------------------------

[30 Jul 2026, 1:48:21 pm] INFO
{
  userId: 'cmr4ioo350001chzwpshzzwz9'
}
Customer requested unread notification count

----------------------------------------

[30 Jul 2026, 1:48:21 pm] INFO
{
  userId: 'cmr4ioo350001chzwpshzzwz9',
  unreadCount: 0
}
Unread notification count loaded successfully

----------------------------------------

[30 Jul 2026, 1:49:21 pm] INFO
{
  method: 'GET',
  path: '/api/notifications/unread-count'
}

----------------------------------------

[30 Jul 2026, 1:49:21 pm] INFO
{
  userId: 'cmr4ioo350001chzwpshzzwz9'
}
Customer requested unread notification count

----------------------------------------

[30 Jul 2026, 1:49:21 pm] INFO
{
  userId: 'cmr4ioo350001chzwpshzzwz9',
  unreadCount: 0
}
Unread notification count loaded successfully

----------------------------------------

[30 Jul 2026, 1:50:21 pm] INFO
{
  method: 'GET',
  path: '/api/notifications/unread-count'
}

----------------------------------------

[30 Jul 2026, 1:50:21 pm] INFO
{
  userId: 'cmr4ioo350001chzwpshzzwz9'
}
Customer requested unread notification count

----------------------------------------

[30 Jul 2026, 1:50:21 pm] INFO
{
  userId: 'cmr4ioo350001chzwpshzzwz9',
  unreadCount: 0
}
Unread notification count loaded successfully

----------------------------------------

[30 Jul 2026, 1:51:21 pm] INFO
{
  method: 'GET',
  path: '/api/notifications/unread-count'
}

----------------------------------------

[30 Jul 2026, 1:51:21 pm] INFO
{
  userId: 'cmr4ioo350001chzwpshzzwz9'
}
Customer requested unread notification count

----------------------------------------

[30 Jul 2026, 1:51:21 pm] INFO
{
  userId: 'cmr4ioo350001chzwpshzzwz9',
  unreadCount: 0
}
Unread notification count loaded successfully

----------------------------------------

[30 Jul 2026, 1:52:05 pm] INFO
{
  method: 'GET',
  path: '/api/notifications/unread-count'
}

----------------------------------------

[30 Jul 2026, 1:52:05 pm] INFO
{
  userId: 'cmr4ioo350001chzwpshzzwz9'
}
Customer requested unread notification count

----------------------------------------

[30 Jul 2026, 1:52:05 pm] INFO
{
  userId: 'cmr4ioo350001chzwpshzzwz9',
  unreadCount: 0
}
Unread notification count loaded successfully

----------------------------------------

[30 Jul 2026, 1:52:06 pm] INFO
{
  method: 'GET',
  path: '/api/notifications/unread-count'
}

----------------------------------------

[30 Jul 2026, 1:52:06 pm] INFO
{
  userId: 'cmr4ioo350001chzwpshzzwz9'
}
Customer requested unread notification count

----------------------------------------

[30 Jul 2026, 1:52:06 pm] INFO
{
  userId: 'cmr4ioo350001chzwpshzzwz9',
  unreadCount: 0
}
Unread notification count loaded successfully

----------------------------------------

[30 Jul 2026, 1:52:08 pm] INFO
{
  method: 'GET',
  path: '/customer/dashboard/jobs/cms5xaikj0001sgzwey5fwn8f/bids/cmr4iqxbg0005chzweogjavif'
}

----------------------------------------

[30 Jul 2026, 1:52:08 pm] INFO
{
  method: 'GET',
  path: '/api/customer/providers/cmr4iqxbg0005chzweogjavif'
}

----------------------------------------

[30 Jul 2026, 1:52:08 pm] INFO
{
  method: 'GET',
  path: '/api/notifications/unread-count'
}

----------------------------------------

[30 Jul 2026, 1:52:08 pm] INFO
{
  method: 'GET',
  path: '/api/user-profile'
}

----------------------------------------

[30 Jul 2026, 1:52:09 pm] INFO
{
  userId: 'cmr4ioo350001chzwpshzzwz9',
  providerId: 'cmr4iqxbg0005chzweogjavif'
}
Customer requested provider profile

----------------------------------------

[30 Jul 2026, 1:52:09 pm] INFO
Fetching user details

----------------------------------------

[30 Jul 2026, 1:52:09 pm] INFO
{
  userId: 'cmr4ioo350001chzwpshzzwz9'
}
Customer requested unread notification count

----------------------------------------

[30 Jul 2026, 1:52:09 pm] INFO
User details fetched successfully

----------------------------------------

[30 Jul 2026, 1:52:09 pm] INFO
{
  userId: 'cmr4ioo350001chzwpshzzwz9',
  unreadCount: 0
}
Unread notification count loaded successfully

----------------------------------------

[30 Jul 2026, 1:52:09 pm] INFO
{
  userId: 'cmr4ioo350001chzwpshzzwz9',
  providerId: 'cmr4iqxbg0005chzweogjavif',
  reviewCount: 3
}
Provider profile loaded successfully

----------------------------------------

[30 Jul 2026, 1:52:12 pm] INFO
{
  method: 'GET',
  path: '/customer/dashboard/jobs/cms5xaikj0001sgzwey5fwn8f/bids'
}

----------------------------------------

[30 Jul 2026, 1:52:12 pm] INFO
{
  method: 'GET',
  path: '/api/customer/jobs/cms5xaikj0001sgzwey5fwn8f/bids'
}

----------------------------------------

[30 Jul 2026, 1:52:12 pm] INFO
{
  jobId: 'cms5xaikj0001sgzwey5fwn8f'
}
Fetching bids for job

----------------------------------------

[30 Jul 2026, 1:52:12 pm] INFO
{
  jobId: 'cms5xaikj0001sgzwey5fwn8f',
  bidCount: 1
}
Fetched job bids successfully

----------------------------------------

[30 Jul 2026, 1:52:12 pm] INFO
{
  method: 'GET',
  path: '/api/customer/jobs/cms5xaikj0001sgzwey5fwn8f/bids'
}

----------------------------------------

[30 Jul 2026, 1:52:12 pm] INFO
{
  jobId: 'cms5xaikj0001sgzwey5fwn8f'
}
Fetching bids for job

----------------------------------------

[30 Jul 2026, 1:52:12 pm] INFO
{
  jobId: 'cms5xaikj0001sgzwey5fwn8f',
  bidCount: 1
}
Fetched job bids successfully

----------------------------------------

[30 Jul 2026, 1:52:14 pm] INFO
{
  method: 'GET',
  path: '/customer/dashboard/jobs/cms5xaikj0001sgzwey5fwn8f/bids/cmr4iqxbg0005chzweogjavif'
}

----------------------------------------

[30 Jul 2026, 1:52:14 pm] INFO
{
  method: 'GET',
  path: '/api/customer/providers/cmr4iqxbg0005chzweogjavif'
}

----------------------------------------

[30 Jul 2026, 1:52:14 pm] INFO
{
  userId: 'cmr4ioo350001chzwpshzzwz9',
  providerId: 'cmr4iqxbg0005chzweogjavif'
}
Customer requested provider profile

----------------------------------------

[30 Jul 2026, 1:52:14 pm] INFO
{
  userId: 'cmr4ioo350001chzwpshzzwz9',
  providerId: 'cmr4iqxbg0005chzweogjavif',
  reviewCount: 3
}
Provider profile loaded successfully

----------------------------------------

[30 Jul 2026, 1:52:14 pm] INFO
{
  method: 'GET',
  path: '/api/customer/providers/cmr4iqxbg0005chzweogjavif'
}

----------------------------------------

[30 Jul 2026, 1:52:14 pm] INFO
{
  userId: 'cmr4ioo350001chzwpshzzwz9',
  providerId: 'cmr4iqxbg0005chzweogjavif'
}
Customer requested provider profile

----------------------------------------

[30 Jul 2026, 1:52:14 pm] INFO
{
  userId: 'cmr4ioo350001chzwpshzzwz9',
  providerId: 'cmr4iqxbg0005chzweogjavif',
  reviewCount: 3
}
Provider profile loaded successfully

----------------------------------------

[30 Jul 2026, 1:52:18 pm] INFO
{
  method: 'GET',
  path: '/api/notifications/unread-count'
}

----------------------------------------

[30 Jul 2026, 1:52:19 pm] INFO
{
  userId: 'cmr4ioo350001chzwpshzzwz9'
}
Customer requested unread notification count

----------------------------------------

[30 Jul 2026, 1:52:19 pm] INFO
{
  userId: 'cmr4ioo350001chzwpshzzwz9',
  unreadCount: 0
}
Unread notification count loaded successfully

----------------------------------------

[30 Jul 2026, 1:52:28 pm] INFO
{
  method: 'GET',
  path: '/api/notifications/unread-count'
}

----------------------------------------

[30 Jul 2026, 1:52:29 pm] INFO
{
  userId: 'cmr4ioo350001chzwpshzzwz9'
}
Customer requested unread notification count

----------------------------------------

[30 Jul 2026, 1:52:29 pm] INFO
{
  userId: 'cmr4ioo350001chzwpshzzwz9',
  unreadCount: 0
}
Unread notification count loaded successfully

----------------------------------------

[30 Jul 2026, 1:52:38 pm] INFO
{
  method: 'GET',
  path: '/api/notifications/unread-count'
}

----------------------------------------

[30 Jul 2026, 1:52:38 pm] INFO
{
  userId: 'cmr4ioo350001chzwpshzzwz9'
}
Customer requested unread notification count

----------------------------------------

[30 Jul 2026, 1:52:38 pm] INFO
{
  userId: 'cmr4ioo350001chzwpshzzwz9',
  unreadCount: 0
}
Unread notification count loaded successfully

----------------------------------------

[30 Jul 2026, 1:52:49 pm] INFO
{
  method: 'GET',
  path: '/api/notifications/unread-count'
}

----------------------------------------

[30 Jul 2026, 1:52:49 pm] INFO
{
  userId: 'cmr4ioo350001chzwpshzzwz9'
}
Customer requested unread notification count

----------------------------------------

[30 Jul 2026, 1:52:49 pm] INFO
{
  userId: 'cmr4ioo350001chzwpshzzwz9',
  unreadCount: 0
}
Unread notification count loaded successfully

----------------------------------------

[30 Jul 2026, 1:52:59 pm] INFO
{
  method: 'GET',
  path: '/api/notifications/unread-count'
}

----------------------------------------

[30 Jul 2026, 1:52:59 pm] INFO
{
  userId: 'cmr4ioo350001chzwpshzzwz9'
}
Customer requested unread notification count

----------------------------------------

[30 Jul 2026, 1:52:59 pm] INFO
{
  userId: 'cmr4ioo350001chzwpshzzwz9',
  unreadCount: 0
}
Unread notification count loaded successfully

----------------------------------------

[30 Jul 2026, 1:53:09 pm] INFO
{
  method: 'GET',
  path: '/api/notifications/unread-count'
}

----------------------------------------

[30 Jul 2026, 1:53:09 pm] INFO
{
  userId: 'cmr4ioo350001chzwpshzzwz9'
}
Customer requested unread notification count

----------------------------------------

[30 Jul 2026, 1:53:09 pm] INFO
{
  userId: 'cmr4ioo350001chzwpshzzwz9',
  unreadCount: 0
}
Unread notification count loaded successfully

----------------------------------------

[30 Jul 2026, 1:53:19 pm] INFO
{
  method: 'GET',
  path: '/api/notifications/unread-count'
}

----------------------------------------

[30 Jul 2026, 1:53:19 pm] INFO
{
  userId: 'cmr4ioo350001chzwpshzzwz9'
}
Customer requested unread notification count

----------------------------------------

[30 Jul 2026, 1:53:19 pm] INFO
{
  userId: 'cmr4ioo350001chzwpshzzwz9',
  unreadCount: 0
}
Unread notification count loaded successfully

----------------------------------------

[30 Jul 2026, 1:53:29 pm] INFO
{
  method: 'GET',
  path: '/api/notifications/unread-count'
}

----------------------------------------

[30 Jul 2026, 1:53:29 pm] INFO
{
  userId: 'cmr4ioo350001chzwpshzzwz9'
}
Customer requested unread notification count

----------------------------------------

[30 Jul 2026, 1:53:29 pm] INFO
{
  userId: 'cmr4ioo350001chzwpshzzwz9',
  unreadCount: 0
}
Unread notification count loaded successfully

----------------------------------------

[30 Jul 2026, 1:53:39 pm] INFO
{
  method: 'GET',
  path: '/api/notifications/unread-count'
}

----------------------------------------

[30 Jul 2026, 1:53:39 pm] INFO
{
  userId: 'cmr4ioo350001chzwpshzzwz9'
}
Customer requested unread notification count

----------------------------------------

[30 Jul 2026, 1:53:39 pm] INFO
{
  userId: 'cmr4ioo350001chzwpshzzwz9',
  unreadCount: 0
}
Unread notification count loaded successfully

----------------------------------------

[30 Jul 2026, 1:54:21 pm] INFO
{
  method: 'GET',
  path: '/api/notifications/unread-count'
}

----------------------------------------

[30 Jul 2026, 1:54:21 pm] INFO
{
  userId: 'cmr4ioo350001chzwpshzzwz9'
}
Customer requested unread notification count

----------------------------------------

[30 Jul 2026, 1:54:21 pm] INFO
{
  userId: 'cmr4ioo350001chzwpshzzwz9',
  unreadCount: 0
}
Unread notification count loaded successfully

----------------------------------------

[30 Jul 2026, 1:54:59 pm] INFO
{
  method: 'GET',
  path: '/customer/dashboard/jobs/cms5xaikj0001sgzwey5fwn8f/bids/cmr4iqxbg0005chzweogjavif'
}

----------------------------------------

[30 Jul 2026, 1:55:00 pm] INFO
{
  method: 'GET',
  path: '/customer/dashboard/jobs/cms5xaikj0001sgzwey5fwn8f/bids/cmr4iqxbg0005chzweogjavif'
}

----------------------------------------

[30 Jul 2026, 1:55:00 pm] INFO
{
  method: 'GET',
  path: '/api/notifications/unread-count'
}

----------------------------------------

[30 Jul 2026, 1:55:00 pm] INFO
{
  userId: 'cmr4ioo350001chzwpshzzwz9'
}
Customer requested unread notification count

----------------------------------------

[30 Jul 2026, 1:55:00 pm] INFO
{
  userId: 'cmr4ioo350001chzwpshzzwz9',
  unreadCount: 0
}
Unread notification count loaded successfully

----------------------------------------

[30 Jul 2026, 1:55:08 pm] INFO
{
  method: 'GET',
  path: '/customer/dashboard/jobs/cms5xaikj0001sgzwey5fwn8f/bids'
}

----------------------------------------

[30 Jul 2026, 1:55:08 pm] INFO
{
  method: 'GET',
  path: '/api/customer/jobs/cms5xaikj0001sgzwey5fwn8f/bids'
}

----------------------------------------

[30 Jul 2026, 1:55:08 pm] INFO
{
  jobId: 'cms5xaikj0001sgzwey5fwn8f'
}
Fetching bids for job

----------------------------------------

[30 Jul 2026, 1:55:08 pm] INFO
{
  jobId: 'cms5xaikj0001sgzwey5fwn8f',
  bidCount: 1
}
Fetched job bids successfully

----------------------------------------

[30 Jul 2026, 1:55:08 pm] INFO
{
  method: 'GET',
  path: '/api/customer/jobs/cms5xaikj0001sgzwey5fwn8f/bids'
}

----------------------------------------

[30 Jul 2026, 1:55:08 pm] INFO
{
  jobId: 'cms5xaikj0001sgzwey5fwn8f'
}
Fetching bids for job

----------------------------------------

[30 Jul 2026, 1:55:08 pm] INFO
{
  jobId: 'cms5xaikj0001sgzwey5fwn8f',
  bidCount: 1
}
Fetched job bids successfully

----------------------------------------

[30 Jul 2026, 1:55:08 pm] INFO
{
  method: 'GET',
  path: '/api/notifications/unread-count'
}

----------------------------------------

[30 Jul 2026, 1:55:09 pm] INFO
{
  userId: 'cmr4ioo350001chzwpshzzwz9'
}
Customer requested unread notification count

----------------------------------------

[30 Jul 2026, 1:55:09 pm] INFO
{
  userId: 'cmr4ioo350001chzwpshzzwz9',
  unreadCount: 0
}
Unread notification count loaded successfully

----------------------------------------

[30 Jul 2026, 1:55:11 pm] INFO
{
  method: 'GET',
  path: '/customer/dashboard/jobs/cms5xaikj0001sgzwey5fwn8f'
}

----------------------------------------

[30 Jul 2026, 1:55:11 pm] INFO
{
  method: 'GET',
  path: '/api/customer/jobs/cms5xaikj0001sgzwey5fwn8f'
}

----------------------------------------

[30 Jul 2026, 1:55:11 pm] INFO
{
  method: 'GET',
  path: '/api/customer/jobs/cms5xaikj0001sgzwey5fwn8f/media'
}

----------------------------------------

[30 Jul 2026, 1:55:11 pm] INFO
{
  userId: 'cmr4ioo350001chzwpshzzwz9',
  jobId: 'cms5xaikj0001sgzwey5fwn8f'
}
Customer requested job details

----------------------------------------

[30 Jul 2026, 1:55:11 pm] INFO
{
  userId: 'cmr4ioo350001chzwpshzzwz9',
  jobId: 'cms5xaikj0001sgzwey5fwn8f'
}
Job details loaded successfully

----------------------------------------

[30 Jul 2026, 1:55:11 pm] INFO
{
  userId: 'cmr4ioo350001chzwpshzzwz9',
  jobId: 'cms5xaikj0001sgzwey5fwn8f'
}
Fetching job media

----------------------------------------

[30 Jul 2026, 1:55:11 pm] INFO
{
  userId: 'cmr4ioo350001chzwpshzzwz9',
  jobId: 'cms5xaikj0001sgzwey5fwn8f',
  mediaCount: 0
}
Fetched job media successfully

----------------------------------------

[30 Jul 2026, 1:55:11 pm] INFO
{
  method: 'GET',
  path: '/api/customer/jobs/cms5xaikj0001sgzwey5fwn8f'
}

----------------------------------------

[30 Jul 2026, 1:55:11 pm] INFO
{
  method: 'GET',
  path: '/api/customer/jobs/cms5xaikj0001sgzwey5fwn8f/media'
}

----------------------------------------

[30 Jul 2026, 1:55:11 pm] INFO
{
  userId: 'cmr4ioo350001chzwpshzzwz9',
  jobId: 'cms5xaikj0001sgzwey5fwn8f'
}
Customer requested job details

----------------------------------------

[30 Jul 2026, 1:55:11 pm] INFO
{
  userId: 'cmr4ioo350001chzwpshzzwz9',
  jobId: 'cms5xaikj0001sgzwey5fwn8f'
}
Job details loaded successfully

----------------------------------------

[30 Jul 2026, 1:55:11 pm] INFO
{
  userId: 'cmr4ioo350001chzwpshzzwz9',
  jobId: 'cms5xaikj0001sgzwey5fwn8f'
}
Fetching job media

----------------------------------------

[30 Jul 2026, 1:55:11 pm] INFO
{
  userId: 'cmr4ioo350001chzwpshzzwz9',
  jobId: 'cms5xaikj0001sgzwey5fwn8f',
  mediaCount: 0
}
Fetched job media successfully

----------------------------------------

[30 Jul 2026, 1:55:15 pm] INFO
{
  method: 'GET',
  path: '/customer/dashboard/jobs/cms5xaikj0001sgzwey5fwn8f/edit'
}

----------------------------------------

[30 Jul 2026, 1:55:15 pm] INFO
{
  method: 'GET',
  path: '/api/categories'
}

----------------------------------------

[30 Jul 2026, 1:55:15 pm] INFO
{
  method: 'GET',
  path: '/api/customer/jobs/cms5xaikj0001sgzwey5fwn8f/edit'
}

----------------------------------------

[30 Jul 2026, 1:55:15 pm] INFO
Fetching categories

----------------------------------------

[30 Jul 2026, 1:55:15 pm] INFO
{
  count: 3
}
Categories fetched successfully

----------------------------------------

[30 Jul 2026, 1:55:15 pm] INFO
{
  method: 'GET',
  path: '/api/categories'
}

----------------------------------------

[30 Jul 2026, 1:55:15 pm] INFO
Fetching categories

----------------------------------------

[30 Jul 2026, 1:55:15 pm] INFO
{
  count: 3
}
Categories fetched successfully

----------------------------------------

[30 Jul 2026, 1:55:16 pm] INFO
{
  userId: 'cmr4ioo350001chzwpshzzwz9',
  jobId: 'cms5xaikj0001sgzwey5fwn8f'
}
Fetching job for edit

----------------------------------------

[30 Jul 2026, 1:55:16 pm] INFO
{
  userId: 'cmr4ioo350001chzwpshzzwz9',
  jobId: 'cms5xaikj0001sgzwey5fwn8f',
  mediaCount: 0
}
Job fetched successfully

----------------------------------------

[30 Jul 2026, 1:55:16 pm] INFO
{
  method: 'GET',
  path: '/api/customer/jobs/cms5xaikj0001sgzwey5fwn8f/edit'
}

----------------------------------------

[30 Jul 2026, 1:55:16 pm] INFO
{
  userId: 'cmr4ioo350001chzwpshzzwz9',
  jobId: 'cms5xaikj0001sgzwey5fwn8f'
}
Fetching job for edit

----------------------------------------

[30 Jul 2026, 1:55:16 pm] INFO
{
  userId: 'cmr4ioo350001chzwpshzzwz9',
  jobId: 'cms5xaikj0001sgzwey5fwn8f',
  mediaCount: 0
}
Job fetched successfully

----------------------------------------

[30 Jul 2026, 1:55:18 pm] INFO
{
  method: 'GET',
  path: '/api/notifications/unread-count'
}

----------------------------------------

[30 Jul 2026, 1:55:19 pm] INFO
{
  userId: 'cmr4ioo350001chzwpshzzwz9'
}
Customer requested unread notification count

----------------------------------------

[30 Jul 2026, 1:55:19 pm] INFO
{
  userId: 'cmr4ioo350001chzwpshzzwz9',
  unreadCount: 0
}
Unread notification count loaded successfully

----------------------------------------

[30 Jul 2026, 1:55:21 pm] INFO
{
  method: 'GET',
  path: '/customer/dashboard'
}

----------------------------------------

[30 Jul 2026, 1:55:21 pm] INFO
{
  method: 'GET',
  path: '/api/customer/jobs'
}

----------------------------------------

[30 Jul 2026, 1:55:21 pm] INFO
{
  userId: 'cmr4ioo350001chzwpshzzwz9',
  page: 1,
  limit: 5,
  status: undefined
}
Customer requested jobs list

----------------------------------------

[30 Jul 2026, 1:55:21 pm] INFO
{
  userId: 'cmr4ioo350001chzwpshzzwz9',
  page: 1,
  totalItems: 6,
  returnedJobs: 5
}
Customer jobs loaded successfully

----------------------------------------

[30 Jul 2026, 1:55:21 pm] INFO
{
  method: 'GET',
  path: '/api/customer/jobs'
}

----------------------------------------

[30 Jul 2026, 1:55:21 pm] INFO
{
  userId: 'cmr4ioo350001chzwpshzzwz9',
  page: 1,
  limit: 5,
  status: undefined
}
Customer requested jobs list

----------------------------------------

[30 Jul 2026, 1:55:21 pm] INFO
{
  userId: 'cmr4ioo350001chzwpshzzwz9',
  page: 1,
  totalItems: 6,
  returnedJobs: 5
}
Customer jobs loaded successfully

----------------------------------------

[30 Jul 2026, 1:55:28 pm] INFO
{
  method: 'GET',
  path: '/api/notifications/unread-count'
}

----------------------------------------

[30 Jul 2026, 1:55:29 pm] INFO
{
  userId: 'cmr4ioo350001chzwpshzzwz9'
}
Customer requested unread notification count

----------------------------------------

[30 Jul 2026, 1:55:29 pm] INFO
{
  userId: 'cmr4ioo350001chzwpshzzwz9',
  unreadCount: 0
}
Unread notification count loaded successfully

----------------------------------------

[30 Jul 2026, 1:55:38 pm] INFO
{
  method: 'GET',
  path: '/api/notifications/unread-count'
}

----------------------------------------

[30 Jul 2026, 1:55:39 pm] INFO
{
  userId: 'cmr4ioo350001chzwpshzzwz9'
}
Customer requested unread notification count

----------------------------------------

[30 Jul 2026, 1:55:39 pm] INFO
{
  userId: 'cmr4ioo350001chzwpshzzwz9',
  unreadCount: 0
}
Unread notification count loaded successfully

----------------------------------------

[30 Jul 2026, 1:55:49 pm] INFO
{
  method: 'GET',
  path: '/api/notifications/unread-count'
}

----------------------------------------

[30 Jul 2026, 1:55:49 pm] INFO
{
  userId: 'cmr4ioo350001chzwpshzzwz9'
}
Customer requested unread notification count

----------------------------------------

[30 Jul 2026, 1:55:49 pm] INFO
{
  userId: 'cmr4ioo350001chzwpshzzwz9',
  unreadCount: 0
}
Unread notification count loaded successfully

----------------------------------------

[30 Jul 2026, 1:55:59 pm] INFO
{
  method: 'GET',
  path: '/api/notifications/unread-count'
}

----------------------------------------

[30 Jul 2026, 1:55:59 pm] INFO
{
  userId: 'cmr4ioo350001chzwpshzzwz9'
}
Customer requested unread notification count

----------------------------------------

[30 Jul 2026, 1:55:59 pm] INFO
{
  userId: 'cmr4ioo350001chzwpshzzwz9',
  unreadCount: 0
}
Unread notification count loaded successfully

----------------------------------------

[30 Jul 2026, 1:56:09 pm] INFO
{
  method: 'GET',
  path: '/api/notifications/unread-count'
}

----------------------------------------

[30 Jul 2026, 1:56:09 pm] INFO
{
  userId: 'cmr4ioo350001chzwpshzzwz9'
}
Customer requested unread notification count

----------------------------------------

[30 Jul 2026, 1:56:09 pm] INFO
{
  userId: 'cmr4ioo350001chzwpshzzwz9',
  unreadCount: 0
}
Unread notification count loaded successfully

----------------------------------------

[30 Jul 2026, 1:56:19 pm] INFO
{
  method: 'GET',
  path: '/api/notifications/unread-count'
}

----------------------------------------

[30 Jul 2026, 1:56:19 pm] INFO
{
  userId: 'cmr4ioo350001chzwpshzzwz9'
}
Customer requested unread notification count

----------------------------------------

[30 Jul 2026, 1:56:19 pm] INFO
{
  userId: 'cmr4ioo350001chzwpshzzwz9',
  unreadCount: 0
}
Unread notification count loaded successfully

----------------------------------------

[30 Jul 2026, 1:56:29 pm] INFO
{
  method: 'GET',
  path: '/api/notifications/unread-count'
}

----------------------------------------

[30 Jul 2026, 1:56:29 pm] INFO
{
  userId: 'cmr4ioo350001chzwpshzzwz9'
}
Customer requested unread notification count

----------------------------------------

[30 Jul 2026, 1:56:29 pm] INFO
{
  userId: 'cmr4ioo350001chzwpshzzwz9',
  unreadCount: 0
}
Unread notification count loaded successfully

----------------------------------------

[30 Jul 2026, 1:56:39 pm] INFO
{
  method: 'GET',
  path: '/api/notifications/unread-count'
}

----------------------------------------

[30 Jul 2026, 1:56:39 pm] INFO
{
  userId: 'cmr4ioo350001chzwpshzzwz9'
}
Customer requested unread notification count

----------------------------------------

[30 Jul 2026, 1:56:39 pm] INFO
{
  userId: 'cmr4ioo350001chzwpshzzwz9',
  unreadCount: 0
}
Unread notification count loaded successfully

----------------------------------------

[30 Jul 2026, 1:57:21 pm] INFO
{
  method: 'GET',
  path: '/api/notifications/unread-count'
}

----------------------------------------

[30 Jul 2026, 1:57:21 pm] INFO
{
  userId: 'cmr4ioo350001chzwpshzzwz9'
}
Customer requested unread notification count

----------------------------------------

[30 Jul 2026, 1:57:21 pm] INFO
{
  userId: 'cmr4ioo350001chzwpshzzwz9',
  unreadCount: 0
}
Unread notification count loaded successfully

----------------------------------------

[30 Jul 2026, 1:57:52 pm] INFO
{
  method: 'GET',
  path: '/customer/dashboard'
}

----------------------------------------

[30 Jul 2026, 1:57:52 pm] INFO
{
  method: 'GET',
  path: '/customer/dashboard'
}

----------------------------------------

[30 Jul 2026, 1:57:52 pm] INFO
{
  method: 'GET',
  path: '/customer/dashboard'
}

----------------------------------------

[30 Jul 2026, 1:57:58 pm] INFO
{
  method: 'GET',
  path: '/customer/dashboard'
}

----------------------------------------

[30 Jul 2026, 1:58:01 pm] INFO
{
  method: 'GET',
  path: '/customer/dashboard'
}

----------------------------------------

[30 Jul 2026, 1:58:01 pm] INFO
{
  method: 'GET',
  path: '/customer/dashboard'
}

----------------------------------------

[30 Jul 2026, 1:58:02 pm] INFO
{
  method: 'GET',
  path: '/api/customer/jobs'
}

----------------------------------------

[30 Jul 2026, 1:58:02 pm] INFO
{
  method: 'GET',
  path: '/api/notifications/unread-count'
}

----------------------------------------

[30 Jul 2026, 1:58:02 pm] INFO
{
  method: 'GET',
  path: '/api/user-profile'
}

----------------------------------------

[30 Jul 2026, 1:58:02 pm] INFO
{
  userId: 'cmr4ioo350001chzwpshzzwz9',
  page: 1,
  limit: 5,
  status: undefined
}
Customer requested jobs list

----------------------------------------

[30 Jul 2026, 1:58:02 pm] INFO
Fetching user details

----------------------------------------

[30 Jul 2026, 1:58:02 pm] INFO
{
  userId: 'cmr4ioo350001chzwpshzzwz9'
}
Customer requested unread notification count

----------------------------------------

[30 Jul 2026, 1:58:02 pm] INFO
{
  userId: 'cmr4ioo350001chzwpshzzwz9',
  unreadCount: 0
}
Unread notification count loaded successfully

----------------------------------------

[30 Jul 2026, 1:58:02 pm] INFO
User details fetched successfully

----------------------------------------

[30 Jul 2026, 1:58:02 pm] INFO
{
  userId: 'cmr4ioo350001chzwpshzzwz9',
  page: 1,
  totalItems: 6,
  returnedJobs: 5
}
Customer jobs loaded successfully

----------------------------------------

[30 Jul 2026, 1:58:06 pm] INFO
{
  method: 'GET',
  path: '/customer/notifications'
}

----------------------------------------

[30 Jul 2026, 1:58:06 pm] INFO
{
  method: 'GET',
  path: '/api/notifications'
}

----------------------------------------

[30 Jul 2026, 1:58:06 pm] INFO
{
  userId: 'cmr4ioo350001chzwpshzzwz9'
}
Customer requested notifications

----------------------------------------

[30 Jul 2026, 1:58:06 pm] INFO
{
  userId: 'cmr4ioo350001chzwpshzzwz9',
  totalNotifications: 0,
  unreadCount: 0
}
Customer notifications loaded successfully

----------------------------------------

[30 Jul 2026, 1:58:06 pm] INFO
{
  method: 'GET',
  path: '/api/notifications'
}

----------------------------------------

[30 Jul 2026, 1:58:06 pm] INFO
{
  userId: 'cmr4ioo350001chzwpshzzwz9'
}
Customer requested notifications

----------------------------------------

[30 Jul 2026, 1:58:06 pm] INFO
{
  userId: 'cmr4ioo350001chzwpshzzwz9',
  totalNotifications: 0,
  unreadCount: 0
}
Customer notifications loaded successfully

----------------------------------------

[30 Jul 2026, 1:58:13 pm] INFO
{
  method: 'GET',
  path: '/api/notifications/unread-count'
}

----------------------------------------

[30 Jul 2026, 1:58:13 pm] INFO
{
  userId: 'cmr4ioo350001chzwpshzzwz9'
}
Customer requested unread notification count

----------------------------------------

[30 Jul 2026, 1:58:13 pm] INFO
{
  userId: 'cmr4ioo350001chzwpshzzwz9',
  unreadCount: 0
}
Unread notification count loaded successfully

----------------------------------------

[30 Jul 2026, 1:58:14 pm] INFO
{
  method: 'GET',
  path: '/customer/notifications'
}

----------------------------------------

[30 Jul 2026, 1:58:14 pm] INFO
{
  method: 'GET',
  path: '/customer/notifications'
}

----------------------------------------

[30 Jul 2026, 1:58:14 pm] INFO
{
  method: 'GET',
  path: '/customer/notifications'
}

----------------------------------------

[30 Jul 2026, 1:58:52 pm] INFO
{
  method: 'GET',
  path: '/customer/notifications'
}

----------------------------------------

[30 Jul 2026, 1:58:52 pm] INFO
{
  method: 'GET',
  path: '/customer/notifications'
}

----------------------------------------

[30 Jul 2026, 1:58:52 pm] INFO
{
  method: 'GET',
  path: '/api/notifications'
}

----------------------------------------

[30 Jul 2026, 1:58:52 pm] INFO
{
  method: 'GET',
  path: '/api/notifications/unread-count'
}

----------------------------------------

[30 Jul 2026, 1:58:52 pm] INFO
{
  method: 'GET',
  path: '/api/user-profile'
}

----------------------------------------

[30 Jul 2026, 1:58:52 pm] INFO
{
  userId: 'cmr4ioo350001chzwpshzzwz9'
}
Customer requested notifications

----------------------------------------

[30 Jul 2026, 1:58:52 pm] INFO
{
  userId: 'cmr4ioo350001chzwpshzzwz9'
}
Customer requested unread notification count

----------------------------------------

[30 Jul 2026, 1:58:52 pm] INFO
{
  userId: 'cmr4ioo350001chzwpshzzwz9',
  totalNotifications: 0,
  unreadCount: 0
}
Customer notifications loaded successfully

----------------------------------------

[30 Jul 2026, 1:58:52 pm] INFO
{
  userId: 'cmr4ioo350001chzwpshzzwz9',
  unreadCount: 0
}
Unread notification count loaded successfully

----------------------------------------

[30 Jul 2026, 1:58:52 pm] INFO
Fetching user details

----------------------------------------

[30 Jul 2026, 1:58:52 pm] INFO
User details fetched successfully

----------------------------------------

[30 Jul 2026, 1:58:55 pm] INFO
{
  method: 'GET',
  path: '/customer/notifications'
}

----------------------------------------

[30 Jul 2026, 1:58:55 pm] INFO
{
  method: 'GET',
  path: '/api/notifications'
}

----------------------------------------

[30 Jul 2026, 1:58:55 pm] INFO
{
  method: 'GET',
  path: '/api/notifications/unread-count'
}

----------------------------------------

[30 Jul 2026, 1:58:55 pm] INFO
{
  method: 'GET',
  path: '/api/user-profile'
}

----------------------------------------

[30 Jul 2026, 1:58:55 pm] INFO
Fetching user details

----------------------------------------

[30 Jul 2026, 1:58:55 pm] INFO
{
  userId: 'cmr4ioo350001chzwpshzzwz9'
}
Customer requested notifications

----------------------------------------

[30 Jul 2026, 1:58:55 pm] INFO
{
  userId: 'cmr4ioo350001chzwpshzzwz9'
}
Customer requested unread notification count

----------------------------------------

[30 Jul 2026, 1:58:55 pm] INFO
{
  userId: 'cmr4ioo350001chzwpshzzwz9',
  totalNotifications: 0,
  unreadCount: 0
}
Customer notifications loaded successfully

----------------------------------------

[30 Jul 2026, 1:58:55 pm] INFO
{
  userId: 'cmr4ioo350001chzwpshzzwz9',
  unreadCount: 0
}
Unread notification count loaded successfully

----------------------------------------

[30 Jul 2026, 1:58:55 pm] INFO
User details fetched successfully

----------------------------------------

[30 Jul 2026, 1:59:05 pm] INFO
{
  method: 'GET',
  path: '/api/notifications/unread-count'
}

----------------------------------------

[30 Jul 2026, 1:59:05 pm] INFO
{
  userId: 'cmr4ioo350001chzwpshzzwz9'
}
Customer requested unread notification count

----------------------------------------

[30 Jul 2026, 1:59:05 pm] INFO
{
  userId: 'cmr4ioo350001chzwpshzzwz9',
  unreadCount: 0
}
Unread notification count loaded successfully

----------------------------------------

[30 Jul 2026, 1:59:15 pm] INFO
{
  method: 'GET',
  path: '/api/notifications/unread-count'
}

----------------------------------------

[30 Jul 2026, 1:59:15 pm] INFO
{
  userId: 'cmr4ioo350001chzwpshzzwz9'
}
Customer requested unread notification count

----------------------------------------

[30 Jul 2026, 1:59:15 pm] INFO
{
  userId: 'cmr4ioo350001chzwpshzzwz9',
  unreadCount: 0
}
Unread notification count loaded successfully

----------------------------------------

[30 Jul 2026, 1:59:26 pm] INFO
{
  method: 'GET',
  path: '/api/notifications/unread-count'
}

----------------------------------------

[30 Jul 2026, 1:59:26 pm] INFO
{
  userId: 'cmr4ioo350001chzwpshzzwz9'
}
Customer requested unread notification count

----------------------------------------

[30 Jul 2026, 1:59:26 pm] INFO
{
  userId: 'cmr4ioo350001chzwpshzzwz9',
  unreadCount: 0
}
Unread notification count loaded successfully

----------------------------------------

[30 Jul 2026, 1:59:36 pm] INFO
{
  method: 'GET',
  path: '/api/notifications/unread-count'
}

----------------------------------------

[30 Jul 2026, 1:59:36 pm] INFO
{
  userId: 'cmr4ioo350001chzwpshzzwz9'
}
Customer requested unread notification count

----------------------------------------

[30 Jul 2026, 1:59:36 pm] INFO
{
  userId: 'cmr4ioo350001chzwpshzzwz9',
  unreadCount: 0
}
Unread notification count loaded successfully

----------------------------------------

[30 Jul 2026, 1:59:46 pm] INFO
{
  method: 'GET',
  path: '/api/notifications/unread-count'
}

----------------------------------------

[30 Jul 2026, 1:59:46 pm] INFO
{
  userId: 'cmr4ioo350001chzwpshzzwz9'
}
Customer requested unread notification count

----------------------------------------

[30 Jul 2026, 1:59:46 pm] INFO
{
  userId: 'cmr4ioo350001chzwpshzzwz9',
  unreadCount: 0
}
Unread notification count loaded successfully

----------------------------------------

[30 Jul 2026, 1:59:56 pm] INFO
{
  method: 'GET',
  path: '/api/notifications/unread-count'
}

----------------------------------------

[30 Jul 2026, 1:59:56 pm] INFO
{
  userId: 'cmr4ioo350001chzwpshzzwz9'
}
Customer requested unread notification count

----------------------------------------

[30 Jul 2026, 1:59:56 pm] INFO
{
  userId: 'cmr4ioo350001chzwpshzzwz9',
  unreadCount: 0
}
Unread notification count loaded successfully

----------------------------------------

[30 Jul 2026, 2:00:06 pm] INFO
{
  method: 'GET',
  path: '/api/notifications/unread-count'
}

----------------------------------------

[30 Jul 2026, 2:00:06 pm] INFO
{
  userId: 'cmr4ioo350001chzwpshzzwz9'
}
Customer requested unread notification count

----------------------------------------

[30 Jul 2026, 2:00:06 pm] INFO
{
  userId: 'cmr4ioo350001chzwpshzzwz9',
  unreadCount: 0
}
Unread notification count loaded successfully

----------------------------------------

[30 Jul 2026, 2:00:16 pm] INFO
{
  method: 'GET',
  path: '/api/notifications/unread-count'
}

----------------------------------------

[30 Jul 2026, 2:00:16 pm] INFO
{
  userId: 'cmr4ioo350001chzwpshzzwz9'
}
Customer requested unread notification count

----------------------------------------

[30 Jul 2026, 2:00:16 pm] INFO
{
  userId: 'cmr4ioo350001chzwpshzzwz9',
  unreadCount: 0
}
Unread notification count loaded successfully

----------------------------------------

[30 Jul 2026, 2:00:57 pm] INFO
{
  method: 'GET',
  path: '/customer/notifications'
}

----------------------------------------

[30 Jul 2026, 2:00:57 pm] INFO
{
  method: 'GET',
  path: '/customer/notifications'
}

----------------------------------------

[30 Jul 2026, 2:00:58 pm] INFO
{
  method: 'GET',
  path: '/api/notifications/unread-count'
}

----------------------------------------

[30 Jul 2026, 2:00:58 pm] INFO
{
  userId: 'cmr4ioo350001chzwpshzzwz9'
}
Customer requested unread notification count

----------------------------------------

[30 Jul 2026, 2:00:58 pm] INFO
{
  userId: 'cmr4ioo350001chzwpshzzwz9',
  unreadCount: 0
}
Unread notification count loaded successfully

----------------------------------------

[30 Jul 2026, 2:01:05 pm] INFO
{
  method: 'GET',
  path: '/api/notifications/unread-count'
}

----------------------------------------

[30 Jul 2026, 2:01:05 pm] INFO
{
  userId: 'cmr4ioo350001chzwpshzzwz9'
}
Customer requested unread notification count

----------------------------------------

[30 Jul 2026, 2:01:05 pm] INFO
{
  userId: 'cmr4ioo350001chzwpshzzwz9',
  unreadCount: 0
}
Unread notification count loaded successfully

----------------------------------------

[30 Jul 2026, 2:01:05 pm] INFO
{
  method: 'GET',
  path: '/customer/post-job'
}

----------------------------------------

[30 Jul 2026, 2:01:05 pm] INFO
{
  method: 'GET',
  path: '/api/categories'
}

----------------------------------------

[30 Jul 2026, 2:01:05 pm] INFO
Fetching categories

----------------------------------------

[30 Jul 2026, 2:01:05 pm] INFO
{
  count: 3
}
Categories fetched successfully

----------------------------------------

[30 Jul 2026, 2:01:05 pm] INFO
{
  method: 'GET',
  path: '/api/categories'
}

----------------------------------------

[30 Jul 2026, 2:01:05 pm] INFO
Fetching categories

----------------------------------------

[30 Jul 2026, 2:01:05 pm] INFO
{
  count: 3
}
Categories fetched successfully

----------------------------------------

[30 Jul 2026, 2:01:15 pm] INFO
{
  method: 'GET',
  path: '/api/notifications/unread-count'
}

----------------------------------------

[30 Jul 2026, 2:01:15 pm] INFO
{
  userId: 'cmr4ioo350001chzwpshzzwz9'
}
Customer requested unread notification count

----------------------------------------

[30 Jul 2026, 2:01:15 pm] INFO
{
  userId: 'cmr4ioo350001chzwpshzzwz9',
  unreadCount: 0
}
Unread notification count loaded successfully

----------------------------------------

[30 Jul 2026, 2:01:25 pm] INFO
{
  method: 'GET',
  path: '/api/notifications/unread-count'
}

----------------------------------------

[30 Jul 2026, 2:01:25 pm] INFO
{
  userId: 'cmr4ioo350001chzwpshzzwz9'
}
Customer requested unread notification count

----------------------------------------

[30 Jul 2026, 2:01:25 pm] INFO
{
  userId: 'cmr4ioo350001chzwpshzzwz9',
  unreadCount: 0
}
Unread notification count loaded successfully

----------------------------------------

[30 Jul 2026, 2:01:31 pm] INFO
{
  method: 'POST',
  path: '/api/customer/jobs'
}

----------------------------------------

[30 Jul 2026, 2:01:31 pm] INFO
{
  userId: 'cmr4ioo350001chzwpshzzwz9'
}
Customer requested job creation

----------------------------------------

[30 Jul 2026, 2:01:31 pm] INFO
{
  userId: 'cmr4ioo350001chzwpshzzwz9',
  jobId: 'cms798hv40002oyzwuhgc8r5h'
}
Job created successfully

----------------------------------------

[30 Jul 2026, 2:01:31 pm] INFO
{
  method: 'GET',
  path: '/customer/dashboard'
}

----------------------------------------

[30 Jul 2026, 2:01:31 pm] INFO
{
  method: 'GET',
  path: '/api/customer/jobs'
}

----------------------------------------

[30 Jul 2026, 2:01:31 pm] INFO
{
  userId: 'cmr4ioo350001chzwpshzzwz9',
  page: 1,
  limit: 5,
  status: undefined
}
Customer requested jobs list

----------------------------------------

[30 Jul 2026, 2:01:31 pm] INFO
{
  userId: 'cmr4ioo350001chzwpshzzwz9',
  page: 1,
  totalItems: 7,
  returnedJobs: 5
}
Customer jobs loaded successfully

----------------------------------------

[30 Jul 2026, 2:01:31 pm] INFO
{
  method: 'GET',
  path: '/api/customer/jobs'
}

----------------------------------------

[30 Jul 2026, 2:01:31 pm] INFO
{
  userId: 'cmr4ioo350001chzwpshzzwz9',
  page: 1,
  limit: 5,
  status: undefined
}
Customer requested jobs list

----------------------------------------

[30 Jul 2026, 2:01:31 pm] INFO
{
  userId: 'cmr4ioo350001chzwpshzzwz9',
  page: 1,
  totalItems: 7,
  returnedJobs: 5
}
Customer jobs loaded successfully

----------------------------------------

[30 Jul 2026, 2:01:35 pm] INFO
{
  method: 'GET',
  path: '/api/notifications/unread-count'
}

----------------------------------------

[30 Jul 2026, 2:01:35 pm] INFO
{
  userId: 'cmr4ioo350001chzwpshzzwz9'
}
Customer requested unread notification count

----------------------------------------

[30 Jul 2026, 2:01:35 pm] INFO
{
  userId: 'cmr4ioo350001chzwpshzzwz9',
  unreadCount: 0
}
Unread notification count loaded successfully

----------------------------------------

[30 Jul 2026, 2:01:46 pm] INFO
{
  method: 'GET',
  path: '/api/notifications/unread-count'
}

----------------------------------------

[30 Jul 2026, 2:01:46 pm] INFO
{
  userId: 'cmr4ioo350001chzwpshzzwz9'
}
Customer requested unread notification count

----------------------------------------

[30 Jul 2026, 2:01:46 pm] INFO
{
  userId: 'cmr4ioo350001chzwpshzzwz9',
  unreadCount: 0
}
Unread notification count loaded successfully

----------------------------------------

[30 Jul 2026, 2:01:56 pm] INFO
{
  method: 'GET',
  path: '/api/notifications/unread-count'
}

----------------------------------------

[30 Jul 2026, 2:01:56 pm] INFO
{
  userId: 'cmr4ioo350001chzwpshzzwz9'
}
Customer requested unread notification count

----------------------------------------

[30 Jul 2026, 2:01:56 pm] INFO
{
  userId: 'cmr4ioo350001chzwpshzzwz9',
  unreadCount: 0
}
Unread notification count loaded successfully

----------------------------------------

[30 Jul 2026, 2:02:06 pm] INFO
{
  method: 'GET',
  path: '/api/notifications/unread-count'
}

----------------------------------------

[30 Jul 2026, 2:02:06 pm] INFO
{
  userId: 'cmr4ioo350001chzwpshzzwz9'
}
Customer requested unread notification count

----------------------------------------

[30 Jul 2026, 2:02:06 pm] INFO
{
  userId: 'cmr4ioo350001chzwpshzzwz9',
  unreadCount: 0
}
Unread notification count loaded successfully

----------------------------------------

[30 Jul 2026, 2:02:16 pm] INFO
{
  method: 'GET',
  path: '/api/notifications/unread-count'
}

----------------------------------------

[30 Jul 2026, 2:02:16 pm] INFO
{
  userId: 'cmr4ioo350001chzwpshzzwz9'
}
Customer requested unread notification count

----------------------------------------

[30 Jul 2026, 2:02:16 pm] INFO
{
  userId: 'cmr4ioo350001chzwpshzzwz9',
  unreadCount: 0
}
Unread notification count loaded successfully

----------------------------------------

[30 Jul 2026, 2:02:26 pm] INFO
{
  method: 'GET',
  path: '/api/notifications/unread-count'
}

----------------------------------------

[30 Jul 2026, 2:02:26 pm] INFO
{
  userId: 'cmr4ioo350001chzwpshzzwz9'
}
Customer requested unread notification count

----------------------------------------

[30 Jul 2026, 2:02:26 pm] INFO
{
  userId: 'cmr4ioo350001chzwpshzzwz9',
  unreadCount: 0
}
Unread notification count loaded successfully

----------------------------------------

[30 Jul 2026, 2:02:36 pm] INFO
{
  method: 'GET',
  path: '/api/notifications/unread-count'
}

----------------------------------------

[30 Jul 2026, 2:02:36 pm] INFO
{
  userId: 'cmr4ioo350001chzwpshzzwz9'
}
Customer requested unread notification count

----------------------------------------

[30 Jul 2026, 2:02:36 pm] INFO
{
  userId: 'cmr4ioo350001chzwpshzzwz9',
  unreadCount: 0
}
Unread notification count loaded successfully

----------------------------------------

[30 Jul 2026, 2:03:06 pm] INFO
{
  method: 'GET',
  path: '/customer/dashboard'
}

----------------------------------------

[30 Jul 2026, 2:03:06 pm] INFO
{
  method: 'GET',
  path: '/customer/dashboard'
}

----------------------------------------

[30 Jul 2026, 2:03:07 pm] INFO
{
  method: 'GET',
  path: '/api/notifications/unread-count'
}

----------------------------------------

[30 Jul 2026, 2:03:07 pm] INFO
{
  userId: 'cmr4ioo350001chzwpshzzwz9'
}
Customer requested unread notification count

----------------------------------------

[30 Jul 2026, 2:03:07 pm] INFO
{
  userId: 'cmr4ioo350001chzwpshzzwz9',
  unreadCount: 0
}
Unread notification count loaded successfully

----------------------------------------

[30 Jul 2026, 2:03:19 pm] INFO
{
  method: 'GET',
  path: '/api/notifications/unread-count'
}

----------------------------------------

[30 Jul 2026, 2:03:19 pm] INFO
{
  userId: 'cmr4ioo350001chzwpshzzwz9'
}
Customer requested unread notification count

----------------------------------------

[30 Jul 2026, 2:03:19 pm] INFO
{
  userId: 'cmr4ioo350001chzwpshzzwz9',
  unreadCount: 0
}
Unread notification count loaded successfully

----------------------------------------

[30 Jul 2026, 2:03:22 pm] INFO
{
  method: 'GET',
  path: '/customer/profile'
}

----------------------------------------

[30 Jul 2026, 2:03:22 pm] INFO
{
  method: 'GET',
  path: '/api/customer/settings'
}

----------------------------------------

[30 Jul 2026, 2:03:22 pm] INFO
{
  userId: 'cmr4ioo350001chzwpshzzwz9'
}
Customer requested settings

----------------------------------------

[30 Jul 2026, 2:03:22 pm] INFO
{
  userId: 'cmr4ioo350001chzwpshzzwz9'
}
Customer settings loaded successfully

----------------------------------------

[30 Jul 2026, 2:03:22 pm] INFO
{
  method: 'GET',
  path: '/api/customer/settings'
}

----------------------------------------

[30 Jul 2026, 2:03:22 pm] INFO
{
  userId: 'cmr4ioo350001chzwpshzzwz9'
}
Customer requested settings

----------------------------------------

[30 Jul 2026, 2:03:22 pm] INFO
{
  userId: 'cmr4ioo350001chzwpshzzwz9'
}
Customer settings loaded successfully

----------------------------------------

[30 Jul 2026, 2:03:25 pm] INFO
{
  method: 'GET',
  path: '/api/notifications/unread-count'
}

----------------------------------------

[30 Jul 2026, 2:03:25 pm] INFO
{
  userId: 'cmr4ioo350001chzwpshzzwz9'
}
Customer requested unread notification count

----------------------------------------

[30 Jul 2026, 2:03:25 pm] INFO
{
  userId: 'cmr4ioo350001chzwpshzzwz9',
  unreadCount: 0
}
Unread notification count loaded successfully

----------------------------------------

[30 Jul 2026, 2:03:36 pm] INFO
{
  method: 'GET',
  path: '/api/notifications/unread-count'
}

----------------------------------------

[30 Jul 2026, 2:03:36 pm] INFO
{
  userId: 'cmr4ioo350001chzwpshzzwz9'
}
Customer requested unread notification count

----------------------------------------

[30 Jul 2026, 2:03:36 pm] INFO
{
  userId: 'cmr4ioo350001chzwpshzzwz9',
  unreadCount: 0
}
Unread notification count loaded successfully

----------------------------------------

[30 Jul 2026, 2:03:46 pm] INFO
{
  method: 'GET',
  path: '/api/notifications/unread-count'
}

----------------------------------------

[30 Jul 2026, 2:03:46 pm] INFO
{
  userId: 'cmr4ioo350001chzwpshzzwz9'
}
Customer requested unread notification count

----------------------------------------

[30 Jul 2026, 2:03:46 pm] INFO
{
  userId: 'cmr4ioo350001chzwpshzzwz9',
  unreadCount: 0
}
Unread notification count loaded successfully

----------------------------------------

[30 Jul 2026, 2:03:56 pm] INFO
{
  method: 'GET',
  path: '/api/notifications/unread-count'
}

----------------------------------------

[30 Jul 2026, 2:03:56 pm] INFO
{
  userId: 'cmr4ioo350001chzwpshzzwz9'
}
Customer requested unread notification count

----------------------------------------

[30 Jul 2026, 2:03:56 pm] INFO
{
  userId: 'cmr4ioo350001chzwpshzzwz9',
  unreadCount: 0
}
Unread notification count loaded successfully

----------------------------------------

[30 Jul 2026, 2:04:06 pm] INFO
{
  method: 'GET',
  path: '/api/notifications/unread-count'
}

----------------------------------------

[30 Jul 2026, 2:04:06 pm] INFO
{
  userId: 'cmr4ioo350001chzwpshzzwz9'
}
Customer requested unread notification count

----------------------------------------

[30 Jul 2026, 2:04:06 pm] INFO
{
  userId: 'cmr4ioo350001chzwpshzzwz9',
  unreadCount: 0
}
Unread notification count loaded successfully

----------------------------------------

[30 Jul 2026, 2:04:16 pm] INFO
{
  method: 'GET',
  path: '/api/notifications/unread-count'
}

----------------------------------------

[30 Jul 2026, 2:04:16 pm] INFO
{
  userId: 'cmr4ioo350001chzwpshzzwz9'
}
Customer requested unread notification count

----------------------------------------

[30 Jul 2026, 2:04:16 pm] INFO
{
  userId: 'cmr4ioo350001chzwpshzzwz9',
  unreadCount: 0
}
Unread notification count loaded successfully

----------------------------------------

[30 Jul 2026, 2:04:26 pm] INFO
{
  method: 'GET',
  path: '/api/notifications/unread-count'
}

----------------------------------------

[30 Jul 2026, 2:04:26 pm] INFO
{
  userId: 'cmr4ioo350001chzwpshzzwz9'
}
Customer requested unread notification count

----------------------------------------

[30 Jul 2026, 2:04:26 pm] INFO
{
  userId: 'cmr4ioo350001chzwpshzzwz9',
  unreadCount: 0
}
Unread notification count loaded successfully

----------------------------------------

[30 Jul 2026, 2:05:11 pm] INFO
{
  method: 'GET',
  path: '/customer/profile'
}

----------------------------------------

[30 Jul 2026, 2:05:11 pm] INFO
{
  method: 'GET',
  path: '/customer/profile'
}

----------------------------------------

[30 Jul 2026, 2:05:12 pm] INFO
{
  method: 'GET',
  path: '/api/notifications/unread-count'
}

----------------------------------------

[30 Jul 2026, 2:05:12 pm] INFO
{
  userId: 'cmr4ioo350001chzwpshzzwz9'
}
Customer requested unread notification count

----------------------------------------

[30 Jul 2026, 2:05:12 pm] INFO
{
  userId: 'cmr4ioo350001chzwpshzzwz9',
  unreadCount: 0
}
Unread notification count loaded successfully

----------------------------------------

[30 Jul 2026, 2:05:15 pm] INFO
{
  method: 'GET',
  path: '/api/notifications/unread-count'
}

----------------------------------------

[30 Jul 2026, 2:05:15 pm] INFO
{
  userId: 'cmr4ioo350001chzwpshzzwz9'
}
Customer requested unread notification count

----------------------------------------

[30 Jul 2026, 2:05:15 pm] INFO
{
  userId: 'cmr4ioo350001chzwpshzzwz9',
  unreadCount: 0
}
Unread notification count loaded successfully

----------------------------------------

[30 Jul 2026, 2:05:16 pm] INFO
{
  method: 'GET',
  path: '/customer/security'
}

----------------------------------------

[30 Jul 2026, 2:05:19 pm] INFO
{
  method: 'GET',
  path: '/customer/security'
}

----------------------------------------

[30 Jul 2026, 2:05:19 pm] INFO
{
  method: 'GET',
  path: '/api/notifications/unread-count'
}

----------------------------------------

[30 Jul 2026, 2:05:19 pm] INFO
{
  method: 'GET',
  path: '/api/user-profile'
}

----------------------------------------

[30 Jul 2026, 2:05:19 pm] INFO
{
  userId: 'cmr4ioo350001chzwpshzzwz9'
}
Customer requested unread notification count

----------------------------------------

[30 Jul 2026, 2:05:19 pm] INFO
{
  userId: 'cmr4ioo350001chzwpshzzwz9',
  unreadCount: 0
}
Unread notification count loaded successfully

----------------------------------------

[30 Jul 2026, 2:05:19 pm] INFO
Fetching user details

----------------------------------------

[30 Jul 2026, 2:05:19 pm] INFO
User details fetched successfully

----------------------------------------

[30 Jul 2026, 2:05:22 pm] INFO
{
  method: 'POST',
  path: '/api/2fa/setup'
}

----------------------------------------

[30 Jul 2026, 2:05:29 pm] INFO
{
  method: 'GET',
  path: '/api/notifications/unread-count'
}

----------------------------------------

[30 Jul 2026, 2:05:29 pm] INFO
{
  userId: 'cmr4ioo350001chzwpshzzwz9'
}
Customer requested unread notification count

----------------------------------------

[30 Jul 2026, 2:05:29 pm] INFO
{
  userId: 'cmr4ioo350001chzwpshzzwz9',
  unreadCount: 0
}
Unread notification count loaded successfully

----------------------------------------

[30 Jul 2026, 2:05:39 pm] INFO
{
  method: 'GET',
  path: '/api/notifications/unread-count'
}

----------------------------------------

[30 Jul 2026, 2:05:39 pm] INFO
{
  userId: 'cmr4ioo350001chzwpshzzwz9'
}
Customer requested unread notification count

----------------------------------------

[30 Jul 2026, 2:05:39 pm] INFO
{
  userId: 'cmr4ioo350001chzwpshzzwz9',
  unreadCount: 0
}
Unread notification count loaded successfully

----------------------------------------

[30 Jul 2026, 2:05:49 pm] INFO
{
  method: 'GET',
  path: '/api/notifications/unread-count'
}

----------------------------------------

[30 Jul 2026, 2:05:49 pm] INFO
{
  userId: 'cmr4ioo350001chzwpshzzwz9'
}
Customer requested unread notification count

----------------------------------------

[30 Jul 2026, 2:05:49 pm] INFO
{
  userId: 'cmr4ioo350001chzwpshzzwz9',
  unreadCount: 0
}
Unread notification count loaded successfully

----------------------------------------

[30 Jul 2026, 2:05:59 pm] INFO
{
  method: 'GET',
  path: '/api/notifications/unread-count'
}

----------------------------------------

[30 Jul 2026, 2:05:59 pm] INFO
{
  userId: 'cmr4ioo350001chzwpshzzwz9'
}
Customer requested unread notification count

----------------------------------------

[30 Jul 2026, 2:05:59 pm] INFO
{
  userId: 'cmr4ioo350001chzwpshzzwz9',
  unreadCount: 0
}
Unread notification count loaded successfully

----------------------------------------

[30 Jul 2026, 2:06:09 pm] INFO
{
  method: 'GET',
  path: '/api/notifications/unread-count'
}

----------------------------------------

[30 Jul 2026, 2:06:09 pm] INFO
{
  userId: 'cmr4ioo350001chzwpshzzwz9'
}
Customer requested unread notification count

----------------------------------------

[30 Jul 2026, 2:06:09 pm] INFO
{
  userId: 'cmr4ioo350001chzwpshzzwz9',
  unreadCount: 0
}
Unread notification count loaded successfully

----------------------------------------

[30 Jul 2026, 2:06:20 pm] INFO
{
  method: 'GET',
  path: '/api/notifications/unread-count'
}

----------------------------------------

[30 Jul 2026, 2:06:20 pm] INFO
{
  userId: 'cmr4ioo350001chzwpshzzwz9'
}
Customer requested unread notification count

----------------------------------------

[30 Jul 2026, 2:06:20 pm] INFO
{
  userId: 'cmr4ioo350001chzwpshzzwz9',
  unreadCount: 0
}
Unread notification count loaded successfully

----------------------------------------

[30 Jul 2026, 2:06:30 pm] INFO
{
  method: 'GET',
  path: '/api/notifications/unread-count'
}

----------------------------------------

[30 Jul 2026, 2:06:30 pm] INFO
{
  userId: 'cmr4ioo350001chzwpshzzwz9'
}
Customer requested unread notification count

----------------------------------------

[30 Jul 2026, 2:06:30 pm] INFO
{
  userId: 'cmr4ioo350001chzwpshzzwz9',
  unreadCount: 0
}
Unread notification count loaded successfully

----------------------------------------

[30 Jul 2026, 2:06:40 pm] INFO
{
  method: 'GET',
  path: '/api/notifications/unread-count'
}

----------------------------------------

[30 Jul 2026, 2:06:40 pm] INFO
{
  userId: 'cmr4ioo350001chzwpshzzwz9'
}
Customer requested unread notification count

----------------------------------------

[30 Jul 2026, 2:06:40 pm] INFO
{
  userId: 'cmr4ioo350001chzwpshzzwz9',
  unreadCount: 0
}
Unread notification count loaded successfully

----------------------------------------

[30 Jul 2026, 2:06:50 pm] INFO
{
  method: 'GET',
  path: '/api/notifications/unread-count'
}

----------------------------------------

[30 Jul 2026, 2:06:50 pm] INFO
{
  userId: 'cmr4ioo350001chzwpshzzwz9'
}
Customer requested unread notification count

----------------------------------------

[30 Jul 2026, 2:06:50 pm] INFO
{
  userId: 'cmr4ioo350001chzwpshzzwz9',
  unreadCount: 0
}
Unread notification count loaded successfully

----------------------------------------

[30 Jul 2026, 2:07:00 pm] INFO
{
  method: 'GET',
  path: '/api/notifications/unread-count'
}

----------------------------------------

[30 Jul 2026, 2:07:00 pm] INFO
{
  userId: 'cmr4ioo350001chzwpshzzwz9'
}
Customer requested unread notification count

----------------------------------------

[30 Jul 2026, 2:07:00 pm] INFO
{
  userId: 'cmr4ioo350001chzwpshzzwz9',
  unreadCount: 0
}
Unread notification count loaded successfully

----------------------------------------

[30 Jul 2026, 2:07:10 pm] INFO
{
  method: 'GET',
  path: '/api/notifications/unread-count'
}

----------------------------------------

[30 Jul 2026, 2:07:10 pm] INFO
{
  userId: 'cmr4ioo350001chzwpshzzwz9'
}
Customer requested unread notification count

----------------------------------------

[30 Jul 2026, 2:07:10 pm] INFO
{
  userId: 'cmr4ioo350001chzwpshzzwz9',
  unreadCount: 0
}
Unread notification count loaded successfully

----------------------------------------

[30 Jul 2026, 2:07:21 pm] INFO
{
  method: 'GET',
  path: '/api/notifications/unread-count'
}

----------------------------------------

[30 Jul 2026, 2:07:21 pm] INFO
{
  userId: 'cmr4ioo350001chzwpshzzwz9'
}
Customer requested unread notification count

----------------------------------------

[30 Jul 2026, 2:07:21 pm] INFO
{
  userId: 'cmr4ioo350001chzwpshzzwz9',
  unreadCount: 0
}
Unread notification count loaded successfully

----------------------------------------

[30 Jul 2026, 2:08:21 pm] INFO
{
  method: 'GET',
  path: '/api/notifications/unread-count'
}

----------------------------------------

[30 Jul 2026, 2:08:21 pm] INFO
{
  userId: 'cmr4ioo350001chzwpshzzwz9'
}
Customer requested unread notification count

----------------------------------------

[30 Jul 2026, 2:08:21 pm] INFO
{
  userId: 'cmr4ioo350001chzwpshzzwz9',
  unreadCount: 0
}
Unread notification count loaded successfully

----------------------------------------

[30 Jul 2026, 2:09:21 pm] INFO
{
  method: 'GET',
  path: '/api/notifications/unread-count'
}

----------------------------------------

[30 Jul 2026, 2:09:21 pm] INFO
{
  userId: 'cmr4ioo350001chzwpshzzwz9'
}
Customer requested unread notification count

----------------------------------------

[30 Jul 2026, 2:09:21 pm] INFO
{
  userId: 'cmr4ioo350001chzwpshzzwz9',
  unreadCount: 0
}
Unread notification count loaded successfully

----------------------------------------

[30 Jul 2026, 2:09:54 pm] INFO
{
  method: 'GET',
  path: '/customer/security'
}

----------------------------------------

[30 Jul 2026, 2:09:55 pm] INFO
{
  method: 'GET',
  path: '/api/notifications/unread-count'
}

----------------------------------------

[30 Jul 2026, 2:09:55 pm] INFO
{
  userId: 'cmr4ioo350001chzwpshzzwz9'
}
Customer requested unread notification count

----------------------------------------

[30 Jul 2026, 2:09:55 pm] INFO
{
  userId: 'cmr4ioo350001chzwpshzzwz9',
  unreadCount: 0
}
Unread notification count loaded successfully

----------------------------------------

[30 Jul 2026, 2:10:21 pm] INFO
{
  method: 'GET',
  path: '/api/notifications/unread-count'
}

----------------------------------------

[30 Jul 2026, 2:10:21 pm] INFO
{
  userId: 'cmr4ioo350001chzwpshzzwz9'
}
Customer requested unread notification count

----------------------------------------

[30 Jul 2026, 2:10:21 pm] INFO
{
  userId: 'cmr4ioo350001chzwpshzzwz9',
  unreadCount: 0
}
Unread notification count loaded successfully

----------------------------------------

[30 Jul 2026, 2:11:21 pm] INFO
{
  method: 'GET',
  path: '/api/notifications/unread-count'
}

----------------------------------------

[30 Jul 2026, 2:11:21 pm] INFO
{
  userId: 'cmr4ioo350001chzwpshzzwz9'
}
Customer requested unread notification count

----------------------------------------

[30 Jul 2026, 2:11:21 pm] INFO
{
  userId: 'cmr4ioo350001chzwpshzzwz9',
  unreadCount: 0
}
Unread notification count loaded successfully

----------------------------------------

[30 Jul 2026, 2:12:21 pm] INFO
{
  method: 'GET',
  path: '/api/notifications/unread-count'
}

----------------------------------------

[30 Jul 2026, 2:12:21 pm] INFO
{
  userId: 'cmr4ioo350001chzwpshzzwz9'
}
Customer requested unread notification count

----------------------------------------

[30 Jul 2026, 2:12:21 pm] INFO
{
  userId: 'cmr4ioo350001chzwpshzzwz9',
  unreadCount: 0
}
Unread notification count loaded successfully

----------------------------------------

[30 Jul 2026, 2:13:21 pm] INFO
{
  method: 'GET',
  path: '/api/notifications/unread-count'
}

----------------------------------------

[30 Jul 2026, 2:13:21 pm] INFO
{
  userId: 'cmr4ioo350001chzwpshzzwz9'
}
Customer requested unread notification count

----------------------------------------

[30 Jul 2026, 2:13:21 pm] INFO
{
  userId: 'cmr4ioo350001chzwpshzzwz9',
  unreadCount: 0
}
Unread notification count loaded successfully

----------------------------------------

[30 Jul 2026, 2:14:21 pm] INFO
{
  method: 'GET',
  path: '/api/notifications/unread-count'
}

----------------------------------------

[30 Jul 2026, 2:14:21 pm] INFO
{
  userId: 'cmr4ioo350001chzwpshzzwz9'
}
Customer requested unread notification count

----------------------------------------

[30 Jul 2026, 2:14:21 pm] INFO
{
  userId: 'cmr4ioo350001chzwpshzzwz9',
  unreadCount: 0
}
Unread notification count loaded successfully

----------------------------------------

[30 Jul 2026, 2:15:21 pm] INFO
{
  method: 'GET',
  path: '/api/notifications/unread-count'
}

----------------------------------------

[30 Jul 2026, 2:15:21 pm] INFO
{
  userId: 'cmr4ioo350001chzwpshzzwz9'
}
Customer requested unread notification count

----------------------------------------

[30 Jul 2026, 2:15:21 pm] INFO
{
  userId: 'cmr4ioo350001chzwpshzzwz9',
  unreadCount: 0
}
Unread notification count loaded successfully

----------------------------------------

[30 Jul 2026, 2:16:21 pm] INFO
{
  method: 'GET',
  path: '/api/notifications/unread-count'
}

----------------------------------------

[30 Jul 2026, 2:16:21 pm] INFO
{
  userId: 'cmr4ioo350001chzwpshzzwz9'
}
Customer requested unread notification count

----------------------------------------

[30 Jul 2026, 2:16:21 pm] INFO
{
  userId: 'cmr4ioo350001chzwpshzzwz9',
  unreadCount: 0
}
Unread notification count loaded successfully

----------------------------------------

[30 Jul 2026, 2:17:21 pm] INFO
{
  method: 'GET',
  path: '/api/notifications/unread-count'
}

----------------------------------------

[30 Jul 2026, 2:17:21 pm] INFO
{
  userId: 'cmr4ioo350001chzwpshzzwz9'
}
Customer requested unread notification count

----------------------------------------

[30 Jul 2026, 2:17:21 pm] INFO
{
  userId: 'cmr4ioo350001chzwpshzzwz9',
  unreadCount: 0
}
Unread notification count loaded successfully

----------------------------------------

[30 Jul 2026, 2:18:21 pm] INFO
{
  method: 'GET',
  path: '/api/notifications/unread-count'
}

----------------------------------------

[30 Jul 2026, 2:18:21 pm] INFO
{
  userId: 'cmr4ioo350001chzwpshzzwz9'
}
Customer requested unread notification count

----------------------------------------

[30 Jul 2026, 2:18:21 pm] INFO
{
  userId: 'cmr4ioo350001chzwpshzzwz9',
  unreadCount: 0
}
Unread notification count loaded successfully

----------------------------------------

[30 Jul 2026, 2:19:21 pm] INFO
{
  method: 'GET',
  path: '/api/notifications/unread-count'
}

----------------------------------------

[30 Jul 2026, 2:19:21 pm] INFO
{
  userId: 'cmr4ioo350001chzwpshzzwz9'
}
Customer requested unread notification count

----------------------------------------

[30 Jul 2026, 2:19:21 pm] INFO
{
  userId: 'cmr4ioo350001chzwpshzzwz9',
  unreadCount: 0
}
Unread notification count loaded successfully

----------------------------------------

[30 Jul 2026, 2:20:21 pm] INFO
{
  method: 'GET',
  path: '/api/notifications/unread-count'
}

----------------------------------------

[30 Jul 2026, 2:20:21 pm] INFO
{
  userId: 'cmr4ioo350001chzwpshzzwz9'
}
Customer requested unread notification count

----------------------------------------

[30 Jul 2026, 2:20:21 pm] INFO
{
  userId: 'cmr4ioo350001chzwpshzzwz9',
  unreadCount: 0
}
Unread notification count loaded successfully

----------------------------------------

[30 Jul 2026, 2:21:21 pm] INFO
{
  method: 'GET',
  path: '/api/notifications/unread-count'
}

----------------------------------------

[30 Jul 2026, 2:21:21 pm] INFO
{
  userId: 'cmr4ioo350001chzwpshzzwz9'
}
Customer requested unread notification count

----------------------------------------

[30 Jul 2026, 2:21:21 pm] INFO
{
  userId: 'cmr4ioo350001chzwpshzzwz9',
  unreadCount: 0
}
Unread notification count loaded successfully

----------------------------------------

[30 Jul 2026, 2:22:21 pm] INFO
{
  method: 'GET',
  path: '/api/notifications/unread-count'
}

----------------------------------------

[30 Jul 2026, 2:22:21 pm] INFO
{
  userId: 'cmr4ioo350001chzwpshzzwz9'
}
Customer requested unread notification count

----------------------------------------

[30 Jul 2026, 2:22:21 pm] INFO
{
  userId: 'cmr4ioo350001chzwpshzzwz9',
  unreadCount: 0
}
Unread notification count loaded successfully

----------------------------------------

[30 Jul 2026, 2:23:21 pm] INFO
{
  method: 'GET',
  path: '/api/notifications/unread-count'
}

----------------------------------------

[30 Jul 2026, 2:23:21 pm] INFO
{
  userId: 'cmr4ioo350001chzwpshzzwz9'
}
Customer requested unread notification count

----------------------------------------

[30 Jul 2026, 2:23:21 pm] INFO
{
  userId: 'cmr4ioo350001chzwpshzzwz9',
  unreadCount: 0
}
Unread notification count loaded successfully

----------------------------------------

[30 Jul 2026, 2:24:21 pm] INFO
{
  method: 'GET',
  path: '/api/notifications/unread-count'
}

----------------------------------------

[30 Jul 2026, 2:24:21 pm] INFO
{
  userId: 'cmr4ioo350001chzwpshzzwz9'
}
Customer requested unread notification count

----------------------------------------

[30 Jul 2026, 2:24:21 pm] INFO
{
  userId: 'cmr4ioo350001chzwpshzzwz9',
  unreadCount: 0
}
Unread notification count loaded successfully

----------------------------------------

[30 Jul 2026, 2:25:21 pm] INFO
{
  method: 'GET',
  path: '/api/notifications/unread-count'
}

----------------------------------------

[30 Jul 2026, 2:25:21 pm] INFO
{
  userId: 'cmr4ioo350001chzwpshzzwz9'
}
Customer requested unread notification count

----------------------------------------

[30 Jul 2026, 2:25:21 pm] INFO
{
  userId: 'cmr4ioo350001chzwpshzzwz9',
  unreadCount: 0
}
Unread notification count loaded successfully

----------------------------------------

[30 Jul 2026, 2:26:21 pm] INFO
{
  method: 'GET',
  path: '/api/notifications/unread-count'
}

----------------------------------------

[30 Jul 2026, 2:26:21 pm] INFO
{
  userId: 'cmr4ioo350001chzwpshzzwz9'
}
Customer requested unread notification count

----------------------------------------

[30 Jul 2026, 2:26:21 pm] INFO
{
  userId: 'cmr4ioo350001chzwpshzzwz9',
  unreadCount: 0
}
Unread notification count loaded successfully

----------------------------------------

[30 Jul 2026, 2:27:21 pm] INFO
{
  method: 'GET',
  path: '/api/notifications/unread-count'
}

----------------------------------------

[30 Jul 2026, 2:27:21 pm] INFO
{
  userId: 'cmr4ioo350001chzwpshzzwz9'
}
Customer requested unread notification count

----------------------------------------

[30 Jul 2026, 2:27:21 pm] INFO
{
  userId: 'cmr4ioo350001chzwpshzzwz9',
  unreadCount: 0
}
Unread notification count loaded successfully

----------------------------------------

[30 Jul 2026, 2:28:21 pm] INFO
{
  method: 'GET',
  path: '/api/notifications/unread-count'
}

----------------------------------------

[30 Jul 2026, 2:28:21 pm] INFO
{
  userId: 'cmr4ioo350001chzwpshzzwz9'
}
Customer requested unread notification count

----------------------------------------

[30 Jul 2026, 2:28:21 pm] INFO
{
  userId: 'cmr4ioo350001chzwpshzzwz9',
  unreadCount: 0
}
Unread notification count loaded successfully

----------------------------------------

[30 Jul 2026, 2:29:21 pm] INFO
{
  method: 'GET',
  path: '/api/notifications/unread-count'
}

----------------------------------------

[30 Jul 2026, 2:29:21 pm] INFO
{
  userId: 'cmr4ioo350001chzwpshzzwz9'
}
Customer requested unread notification count

----------------------------------------

[30 Jul 2026, 2:29:21 pm] INFO
{
  userId: 'cmr4ioo350001chzwpshzzwz9',
  unreadCount: 0
}
Unread notification count loaded successfully

----------------------------------------

[30 Jul 2026, 2:30:21 pm] INFO
{
  method: 'GET',
  path: '/api/notifications/unread-count'
}

----------------------------------------

[30 Jul 2026, 2:30:21 pm] INFO
{
  userId: 'cmr4ioo350001chzwpshzzwz9'
}
Customer requested unread notification count

----------------------------------------

[30 Jul 2026, 2:30:21 pm] INFO
{
  userId: 'cmr4ioo350001chzwpshzzwz9',
  unreadCount: 0
}
Unread notification count loaded successfully

----------------------------------------

[30 Jul 2026, 2:31:21 pm] INFO
{
  method: 'GET',
  path: '/api/notifications/unread-count'
}

----------------------------------------

[30 Jul 2026, 2:31:21 pm] INFO
{
  userId: 'cmr4ioo350001chzwpshzzwz9'
}
Customer requested unread notification count

----------------------------------------

[30 Jul 2026, 2:31:21 pm] INFO
{
  userId: 'cmr4ioo350001chzwpshzzwz9',
  unreadCount: 0
}
Unread notification count loaded successfully

----------------------------------------

[30 Jul 2026, 2:32:21 pm] INFO
{
  method: 'GET',
  path: '/api/notifications/unread-count'
}

----------------------------------------

[30 Jul 2026, 2:32:21 pm] INFO
{
  userId: 'cmr4ioo350001chzwpshzzwz9'
}
Customer requested unread notification count

----------------------------------------

[30 Jul 2026, 2:32:21 pm] INFO
{
  userId: 'cmr4ioo350001chzwpshzzwz9',
  unreadCount: 0
}
Unread notification count loaded successfully

----------------------------------------

[30 Jul 2026, 2:33:21 pm] INFO
{
  method: 'GET',
  path: '/api/notifications/unread-count'
}

----------------------------------------

[30 Jul 2026, 2:33:21 pm] INFO
{
  userId: 'cmr4ioo350001chzwpshzzwz9'
}
Customer requested unread notification count

----------------------------------------

[30 Jul 2026, 2:33:21 pm] INFO
{
  userId: 'cmr4ioo350001chzwpshzzwz9',
  unreadCount: 0
}
Unread notification count loaded successfully

----------------------------------------

[30 Jul 2026, 2:34:01 pm] INFO
{
  method: 'GET',
  path: '/customer/security'
}

----------------------------------------

[30 Jul 2026, 2:34:01 pm] INFO
{
  method: 'GET',
  path: '/customer/security'
}

----------------------------------------

[30 Jul 2026, 2:34:01 pm] INFO
{
  method: 'GET',
  path: '/customer/security'
}

----------------------------------------

[30 Jul 2026, 2:34:01 pm] INFO
{
  method: 'GET',
  path: '/customer/security'
}

----------------------------------------

[30 Jul 2026, 2:34:01 pm] INFO
{
  method: 'GET',
  path: '/customer/security'
}

----------------------------------------

[30 Jul 2026, 2:34:02 pm] INFO
{
  method: 'GET',
  path: '/api/notifications/unread-count'
}

----------------------------------------

[30 Jul 2026, 2:34:02 pm] INFO
{
  userId: 'cmr4ioo350001chzwpshzzwz9'
}
Customer requested unread notification count

----------------------------------------

[30 Jul 2026, 2:34:02 pm] INFO
{
  userId: 'cmr4ioo350001chzwpshzzwz9',
  unreadCount: 0
}
Unread notification count loaded successfully

----------------------------------------

[30 Jul 2026, 2:34:04 pm] INFO
{
  method: 'GET',
  path: '/customer/security'
}

----------------------------------------

[30 Jul 2026, 2:34:05 pm] INFO
{
  method: 'GET',
  path: '/customer/security'
}

----------------------------------------

[30 Jul 2026, 2:34:05 pm] INFO
{
  method: 'GET',
  path: '/customer/security'
}

----------------------------------------

[30 Jul 2026, 2:34:05 pm] INFO
{
  method: 'GET',
  path: '/customer/security'
}

----------------------------------------

[30 Jul 2026, 2:34:21 pm] INFO
{
  method: 'GET',
  path: '/api/notifications/unread-count'
}

----------------------------------------

[30 Jul 2026, 2:34:21 pm] INFO
{
  userId: 'cmr4ioo350001chzwpshzzwz9'
}
Customer requested unread notification count

----------------------------------------

[30 Jul 2026, 2:34:21 pm] INFO
{
  userId: 'cmr4ioo350001chzwpshzzwz9',
  unreadCount: 0
}
Unread notification count loaded successfully

----------------------------------------

[30 Jul 2026, 2:35:21 pm] INFO
{
  method: 'GET',
  path: '/api/notifications/unread-count'
}

----------------------------------------

[30 Jul 2026, 2:35:21 pm] INFO
{
  userId: 'cmr4ioo350001chzwpshzzwz9'
}
Customer requested unread notification count

----------------------------------------

[30 Jul 2026, 2:35:21 pm] INFO
{
  userId: 'cmr4ioo350001chzwpshzzwz9',
  unreadCount: 0
}
Unread notification count loaded successfully

----------------------------------------

[30 Jul 2026, 2:36:21 pm] INFO
{
  method: 'GET',
  path: '/api/notifications/unread-count'
}

----------------------------------------

[30 Jul 2026, 2:36:21 pm] INFO
{
  userId: 'cmr4ioo350001chzwpshzzwz9'
}
Customer requested unread notification count

----------------------------------------

[30 Jul 2026, 2:36:21 pm] INFO
{
  userId: 'cmr4ioo350001chzwpshzzwz9',
  unreadCount: 0
}
Unread notification count loaded successfully

----------------------------------------

[30 Jul 2026, 2:37:21 pm] INFO
{
  method: 'GET',
  path: '/api/notifications/unread-count'
}

----------------------------------------

[30 Jul 2026, 2:37:21 pm] INFO
{
  userId: 'cmr4ioo350001chzwpshzzwz9'
}
Customer requested unread notification count

----------------------------------------

[30 Jul 2026, 2:37:21 pm] INFO
{
  userId: 'cmr4ioo350001chzwpshzzwz9',
  unreadCount: 0
}
Unread notification count loaded successfully

----------------------------------------

[30 Jul 2026, 2:38:21 pm] INFO
{
  method: 'GET',
  path: '/api/notifications/unread-count'
}

----------------------------------------

[30 Jul 2026, 2:38:21 pm] INFO
{
  userId: 'cmr4ioo350001chzwpshzzwz9'
}
Customer requested unread notification count

----------------------------------------

[30 Jul 2026, 2:38:21 pm] INFO
{
  userId: 'cmr4ioo350001chzwpshzzwz9',
  unreadCount: 0
}
Unread notification count loaded successfully

----------------------------------------

[30 Jul 2026, 2:38:22 pm] INFO
{
  method: 'GET',
  path: '/customer/security'
}

----------------------------------------

[30 Jul 2026, 2:38:23 pm] INFO
{
  method: 'GET',
  path: '/customer/security'
}

----------------------------------------

[30 Jul 2026, 2:38:25 pm] INFO
{
  method: 'GET',
  path: '/customer/security'
}

----------------------------------------

[30 Jul 2026, 2:38:25 pm] INFO
{
  method: 'GET',
  path: '/customer/security'
}

----------------------------------------

[30 Jul 2026, 2:39:21 pm] INFO
{
  method: 'GET',
  path: '/api/notifications/unread-count'
}

----------------------------------------

[30 Jul 2026, 2:39:21 pm] INFO
{
  userId: 'cmr4ioo350001chzwpshzzwz9'
}
Customer requested unread notification count

----------------------------------------

[30 Jul 2026, 2:39:21 pm] INFO
{
  userId: 'cmr4ioo350001chzwpshzzwz9',
  unreadCount: 0
}
Unread notification count loaded successfully

----------------------------------------

[30 Jul 2026, 2:40:21 pm] INFO
{
  method: 'GET',
  path: '/api/notifications/unread-count'
}

----------------------------------------

[30 Jul 2026, 2:40:21 pm] INFO
{
  userId: 'cmr4ioo350001chzwpshzzwz9'
}
Customer requested unread notification count

----------------------------------------

[30 Jul 2026, 2:40:21 pm] INFO
{
  userId: 'cmr4ioo350001chzwpshzzwz9',
  unreadCount: 0
}
Unread notification count loaded successfully

----------------------------------------

[30 Jul 2026, 2:41:21 pm] INFO
{
  method: 'GET',
  path: '/api/notifications/unread-count'
}

----------------------------------------

[30 Jul 2026, 2:41:21 pm] INFO
{
  userId: 'cmr4ioo350001chzwpshzzwz9'
}
Customer requested unread notification count

----------------------------------------

[30 Jul 2026, 2:41:21 pm] INFO
{
  userId: 'cmr4ioo350001chzwpshzzwz9',
  unreadCount: 0
}
Unread notification count loaded successfully

----------------------------------------

[30 Jul 2026, 2:41:41 pm] INFO
{
  method: 'GET',
  path: '/customer/security'
}

----------------------------------------

[30 Jul 2026, 2:41:42 pm] INFO
{
  method: 'GET',
  path: '/customer/security'
}

----------------------------------------

[30 Jul 2026, 2:41:42 pm] INFO
{
  method: 'GET',
  path: '/customer/security'
}

----------------------------------------

[30 Jul 2026, 2:42:01 pm] INFO
{
  method: 'GET',
  path: '/customer/security'
}

----------------------------------------

[30 Jul 2026, 2:42:01 pm] INFO
{
  method: 'GET',
  path: '/customer/security'
}

----------------------------------------

[30 Jul 2026, 2:42:01 pm] INFO
{
  method: 'GET',
  path: '/customer/security'
}

----------------------------------------

[30 Jul 2026, 2:42:01 pm] INFO
{
  method: 'GET',
  path: '/api/notifications/unread-count'
}

----------------------------------------

[30 Jul 2026, 2:42:01 pm] INFO
{
  method: 'GET',
  path: '/api/user-profile'
}

----------------------------------------

[30 Jul 2026, 2:42:01 pm] INFO
Fetching user details

----------------------------------------

[30 Jul 2026, 2:42:01 pm] INFO
{
  userId: 'cmr4ioo350001chzwpshzzwz9'
}
Customer requested unread notification count

----------------------------------------

[30 Jul 2026, 2:42:01 pm] INFO
{
  userId: 'cmr4ioo350001chzwpshzzwz9',
  unreadCount: 0
}
Unread notification count loaded successfully

----------------------------------------

[30 Jul 2026, 2:42:01 pm] INFO
User details fetched successfully

----------------------------------------

[30 Jul 2026, 2:42:12 pm] INFO
{
  method: 'GET',
  path: '/api/notifications/unread-count'
}

----------------------------------------

[30 Jul 2026, 2:42:12 pm] INFO
{
  userId: 'cmr4ioo350001chzwpshzzwz9'
}
Customer requested unread notification count

----------------------------------------

[30 Jul 2026, 2:42:12 pm] INFO
{
  userId: 'cmr4ioo350001chzwpshzzwz9',
  unreadCount: 0
}
Unread notification count loaded successfully

----------------------------------------

[30 Jul 2026, 2:42:22 pm] INFO
{
  method: 'GET',
  path: '/api/notifications/unread-count'
}

----------------------------------------

[30 Jul 2026, 2:42:22 pm] INFO
{
  userId: 'cmr4ioo350001chzwpshzzwz9'
}
Customer requested unread notification count

----------------------------------------

[30 Jul 2026, 2:42:22 pm] INFO
{
  userId: 'cmr4ioo350001chzwpshzzwz9',
  unreadCount: 0
}
Unread notification count loaded successfully

----------------------------------------

[30 Jul 2026, 2:42:32 pm] INFO
{
  method: 'GET',
  path: '/api/notifications/unread-count'
}

----------------------------------------

[30 Jul 2026, 2:42:32 pm] INFO
{
  userId: 'cmr4ioo350001chzwpshzzwz9'
}
Customer requested unread notification count

----------------------------------------

[30 Jul 2026, 2:42:32 pm] INFO
{
  userId: 'cmr4ioo350001chzwpshzzwz9',
  unreadCount: 0
}
Unread notification count loaded successfully

----------------------------------------

[30 Jul 2026, 2:42:42 pm] INFO
{
  method: 'GET',
  path: '/api/notifications/unread-count'
}

----------------------------------------

[30 Jul 2026, 2:42:42 pm] INFO
{
  userId: 'cmr4ioo350001chzwpshzzwz9'
}
Customer requested unread notification count

----------------------------------------

[30 Jul 2026, 2:42:42 pm] INFO
{
  userId: 'cmr4ioo350001chzwpshzzwz9',
  unreadCount: 0
}
Unread notification count loaded successfully

----------------------------------------

[30 Jul 2026, 2:42:52 pm] INFO
{
  method: 'GET',
  path: '/api/notifications/unread-count'
}

----------------------------------------

[30 Jul 2026, 2:42:52 pm] INFO
{
  userId: 'cmr4ioo350001chzwpshzzwz9'
}
Customer requested unread notification count

----------------------------------------

[30 Jul 2026, 2:42:52 pm] INFO
{
  userId: 'cmr4ioo350001chzwpshzzwz9',
  unreadCount: 0
}
Unread notification count loaded successfully

----------------------------------------

[30 Jul 2026, 2:43:02 pm] INFO
{
  method: 'GET',
  path: '/api/notifications/unread-count'
}

----------------------------------------

[30 Jul 2026, 2:43:02 pm] INFO
{
  userId: 'cmr4ioo350001chzwpshzzwz9'
}
Customer requested unread notification count

----------------------------------------

[30 Jul 2026, 2:43:02 pm] INFO
{
  userId: 'cmr4ioo350001chzwpshzzwz9',
  unreadCount: 0
}
Unread notification count loaded successfully

----------------------------------------

[30 Jul 2026, 2:43:21 pm] INFO
{
  method: 'GET',
  path: '/api/notifications/unread-count'
}

----------------------------------------

[30 Jul 2026, 2:43:21 pm] INFO
{
  userId: 'cmr4ioo350001chzwpshzzwz9'
}
Customer requested unread notification count

----------------------------------------

[30 Jul 2026, 2:43:21 pm] INFO
{
  userId: 'cmr4ioo350001chzwpshzzwz9',
  unreadCount: 0
}
Unread notification count loaded successfully

----------------------------------------

[30 Jul 2026, 2:44:21 pm] INFO
{
  method: 'GET',
  path: '/api/notifications/unread-count'
}

----------------------------------------

[30 Jul 2026, 2:44:21 pm] INFO
{
  userId: 'cmr4ioo350001chzwpshzzwz9'
}
Customer requested unread notification count

----------------------------------------

[30 Jul 2026, 2:44:21 pm] INFO
{
  userId: 'cmr4ioo350001chzwpshzzwz9',
  unreadCount: 0
}
Unread notification count loaded successfully

----------------------------------------

[30 Jul 2026, 2:44:52 pm] INFO
{
  method: 'GET',
  path: '/customer/security'
}

----------------------------------------

[30 Jul 2026, 2:44:52 pm] INFO
{
  method: 'GET',
  path: '/customer/security'
}

----------------------------------------

[30 Jul 2026, 2:44:53 pm] INFO
{
  method: 'GET',
  path: '/api/notifications/unread-count'
}

----------------------------------------

[30 Jul 2026, 2:44:53 pm] INFO
{
  userId: 'cmr4ioo350001chzwpshzzwz9'
}
Customer requested unread notification count

----------------------------------------

[30 Jul 2026, 2:44:53 pm] INFO
{
  userId: 'cmr4ioo350001chzwpshzzwz9',
  unreadCount: 0
}
Unread notification count loaded successfully

----------------------------------------

[30 Jul 2026, 2:45:01 pm] INFO
{
  method: 'GET',
  path: '/api/notifications/unread-count'
}

----------------------------------------

[30 Jul 2026, 2:45:01 pm] INFO
{
  userId: 'cmr4ioo350001chzwpshzzwz9'
}
Customer requested unread notification count

----------------------------------------

[30 Jul 2026, 2:45:01 pm] INFO
{
  userId: 'cmr4ioo350001chzwpshzzwz9',
  unreadCount: 0
}
Unread notification count loaded successfully

----------------------------------------

[30 Jul 2026, 2:45:02 pm] INFO
{
  method: 'POST',
  path: '/api/auth/logout'
}

----------------------------------------

[30 Jul 2026, 2:45:02 pm] INFO
{
  method: 'GET',
  path: '/auth/login'
}

----------------------------------------

[30 Jul 2026, 2:45:02 pm] INFO
{
  method: 'GET',
  path: '/auth/login'
}

----------------------------------------

[30 Jul 2026, 2:45:04 pm] INFO
{
  method: 'GET',
  path: '/auth/login'
}

----------------------------------------

[30 Jul 2026, 2:45:06 pm] INFO
{
  method: 'GET',
  path: '/auth/register'
}

----------------------------------------

[30 Jul 2026, 2:45:07 pm] INFO
{
  method: 'GET',
  path: '/api/categories'
}

----------------------------------------

[30 Jul 2026, 2:45:07 pm] INFO
Fetching categories

----------------------------------------

[30 Jul 2026, 2:45:07 pm] INFO
{
  count: 3
}
Categories fetched successfully

----------------------------------------

[30 Jul 2026, 2:45:07 pm] INFO
{
  method: 'GET',
  path: '/api/categories'
}

----------------------------------------

[30 Jul 2026, 2:45:07 pm] INFO
Fetching categories

----------------------------------------

[30 Jul 2026, 2:45:07 pm] INFO
{
  count: 3
}
Categories fetched successfully

----------------------------------------

[30 Jul 2026, 2:45:08 pm] INFO
{
  method: 'GET',
  path: '/auth/login'
}

----------------------------------------

[30 Jul 2026, 2:45:19 pm] INFO
{
  method: 'POST',
  path: '/api/auth/login'
}

----------------------------------------

[30 Jul 2026, 2:45:19 pm] INFO
{
  email: 'demoprovider2@gmail.com'
}
Login attempt

----------------------------------------

[30 Jul 2026, 2:45:19 pm] WARN
{
  userId: 'cmr4iqxbg0005chzweogjavif',
  email: 'demoprovider2@gmail.com'
}
Login failed: invalid password

----------------------------------------

[30 Jul 2026, 2:45:24 pm] INFO
{
  method: 'POST',
  path: '/api/auth/login'
}

----------------------------------------

[30 Jul 2026, 2:45:24 pm] INFO
{
  email: 'demoprovider2@gmail.com'
}
Login attempt

----------------------------------------

[30 Jul 2026, 2:45:24 pm] INFO
{
  userId: 'cmr4iqxbg0005chzweogjavif',
  role: 'PROVIDER'
}
User logged in successfully

----------------------------------------

[30 Jul 2026, 2:45:24 pm] INFO
{
  method: 'GET',
  path: '/customer/dashboard'
}

----------------------------------------

[30 Jul 2026, 2:45:24 pm] INFO
{
  method: 'GET',
  path: '/provider/dashboard'
}

----------------------------------------

[30 Jul 2026, 2:45:24 pm] INFO
{
  method: 'GET',
  path: '/provider/dashboard'
}

----------------------------------------

[30 Jul 2026, 2:45:24 pm] INFO
{
  method: 'GET',
  path: '/api/provider/jobs'
}

----------------------------------------

[30 Jul 2026, 2:45:24 pm] INFO
{
  method: 'GET',
  path: '/api/notifications/unread-count'
}

----------------------------------------

[30 Jul 2026, 2:45:24 pm] INFO
{
  method: 'GET',
  path: '/api/user-profile'
}

----------------------------------------

[30 Jul 2026, 2:45:24 pm] INFO
{
  method: 'GET',
  path: '/api/user-profile'
}

----------------------------------------

[30 Jul 2026, 2:45:24 pm] INFO
{
  method: 'GET',
  path: '/api/notifications/unread-count'
}

----------------------------------------

[30 Jul 2026, 2:45:24 pm] INFO
Fetching user details

----------------------------------------

[30 Jul 2026, 2:45:24 pm] INFO
{
  userId: 'cmr4iqxbg0005chzweogjavif',
  page: 1,
  limit: 5
}
Provider requested dashboard

----------------------------------------

[30 Jul 2026, 2:45:24 pm] INFO
Fetching user details

----------------------------------------

[30 Jul 2026, 2:45:24 pm] INFO
User details fetched successfully

----------------------------------------

[30 Jul 2026, 2:45:24 pm] INFO
{
  userId: 'cmr4iqxbg0005chzweogjavif'
}
Customer requested unread notification count

----------------------------------------

[30 Jul 2026, 2:45:24 pm] INFO
User details fetched successfully

----------------------------------------

[30 Jul 2026, 2:45:24 pm] INFO
{
  userId: 'cmr4iqxbg0005chzweogjavif',
  unreadCount: 0
}
Unread notification count loaded successfully

----------------------------------------

[30 Jul 2026, 2:45:24 pm] INFO
{
  userId: 'cmr4iqxbg0005chzweogjavif'
}
Customer requested unread notification count

----------------------------------------

[30 Jul 2026, 2:45:24 pm] INFO
{
  userId: 'cmr4iqxbg0005chzweogjavif',
  unreadCount: 0
}
Unread notification count loaded successfully

----------------------------------------

[30 Jul 2026, 2:45:24 pm] INFO
{
  userId: 'cmr4iqxbg0005chzweogjavif',
  availableJobs: 7,
  pendingBids: 2,
  assignedJobs: 1,
  reviewCount: 3,
  totalItems: 7,
  page: 1
}
Provider dashboard loaded successfully

----------------------------------------

[30 Jul 2026, 2:45:24 pm] INFO
{
  method: 'GET',
  path: '/api/provider/jobs'
}

----------------------------------------

[30 Jul 2026, 2:45:24 pm] INFO
{
  userId: 'cmr4iqxbg0005chzweogjavif',
  page: 1,
  limit: 5
}
Provider requested dashboard

----------------------------------------

[30 Jul 2026, 2:45:24 pm] INFO
{
  userId: 'cmr4iqxbg0005chzweogjavif',
  availableJobs: 7,
  pendingBids: 2,
  assignedJobs: 1,
  reviewCount: 3,
  totalItems: 7,
  page: 1
}
Provider dashboard loaded successfully

----------------------------------------

[30 Jul 2026, 2:45:34 pm] INFO
{
  method: 'GET',
  path: '/api/notifications/unread-count'
}

----------------------------------------

[30 Jul 2026, 2:45:34 pm] INFO
{
  userId: 'cmr4iqxbg0005chzweogjavif'
}
Customer requested unread notification count

----------------------------------------

[30 Jul 2026, 2:45:34 pm] INFO
{
  userId: 'cmr4iqxbg0005chzweogjavif',
  unreadCount: 0
}
Unread notification count loaded successfully

----------------------------------------

[30 Jul 2026, 2:45:45 pm] INFO
{
  method: 'GET',
  path: '/api/notifications/unread-count'
}

----------------------------------------

[30 Jul 2026, 2:45:45 pm] INFO
{
  userId: 'cmr4iqxbg0005chzweogjavif'
}
Customer requested unread notification count

----------------------------------------

[30 Jul 2026, 2:45:45 pm] INFO
{
  userId: 'cmr4iqxbg0005chzweogjavif',
  unreadCount: 0
}
Unread notification count loaded successfully

----------------------------------------

[30 Jul 2026, 2:45:55 pm] INFO
{
  method: 'GET',
  path: '/api/notifications/unread-count'
}

----------------------------------------

[30 Jul 2026, 2:45:55 pm] INFO
{
  userId: 'cmr4iqxbg0005chzweogjavif'
}
Customer requested unread notification count

----------------------------------------

[30 Jul 2026, 2:45:55 pm] INFO
{
  userId: 'cmr4iqxbg0005chzweogjavif',
  unreadCount: 0
}
Unread notification count loaded successfully

----------------------------------------

[30 Jul 2026, 2:46:05 pm] INFO
{
  method: 'GET',
  path: '/api/notifications/unread-count'
}

----------------------------------------

[30 Jul 2026, 2:46:05 pm] INFO
{
  userId: 'cmr4iqxbg0005chzweogjavif'
}
Customer requested unread notification count

----------------------------------------

[30 Jul 2026, 2:46:05 pm] INFO
{
  userId: 'cmr4iqxbg0005chzweogjavif',
  unreadCount: 0
}
Unread notification count loaded successfully

----------------------------------------

[30 Jul 2026, 2:46:15 pm] INFO
{
  method: 'GET',
  path: '/api/notifications/unread-count'
}

----------------------------------------

[30 Jul 2026, 2:46:15 pm] INFO
{
  userId: 'cmr4iqxbg0005chzweogjavif'
}
Customer requested unread notification count

----------------------------------------

[30 Jul 2026, 2:46:15 pm] INFO
{
  userId: 'cmr4iqxbg0005chzweogjavif',
  unreadCount: 0
}
Unread notification count loaded successfully

----------------------------------------

[30 Jul 2026, 2:46:25 pm] INFO
{
  method: 'GET',
  path: '/api/notifications/unread-count'
}

----------------------------------------

[30 Jul 2026, 2:46:25 pm] INFO
{
  userId: 'cmr4iqxbg0005chzweogjavif'
}
Customer requested unread notification count

----------------------------------------

[30 Jul 2026, 2:46:25 pm] INFO
{
  userId: 'cmr4iqxbg0005chzweogjavif',
  unreadCount: 0
}
Unread notification count loaded successfully

----------------------------------------

[30 Jul 2026, 2:46:35 pm] INFO
{
  method: 'GET',
  path: '/api/notifications/unread-count'
}

----------------------------------------

[30 Jul 2026, 2:46:35 pm] INFO
{
  userId: 'cmr4iqxbg0005chzweogjavif'
}
Customer requested unread notification count

----------------------------------------

[30 Jul 2026, 2:46:35 pm] INFO
{
  userId: 'cmr4iqxbg0005chzweogjavif',
  unreadCount: 0
}
Unread notification count loaded successfully

----------------------------------------

[30 Jul 2026, 2:47:21 pm] INFO
{
  method: 'GET',
  path: '/api/notifications/unread-count'
}

----------------------------------------

[30 Jul 2026, 2:47:21 pm] INFO
{
  userId: 'cmr4iqxbg0005chzweogjavif'
}
Customer requested unread notification count

----------------------------------------

[30 Jul 2026, 2:47:21 pm] INFO
{
  userId: 'cmr4iqxbg0005chzweogjavif',
  unreadCount: 0
}
Unread notification count loaded successfully

----------------------------------------

[30 Jul 2026, 2:48:21 pm] INFO
{
  method: 'GET',
  path: '/api/notifications/unread-count'
}

----------------------------------------

[30 Jul 2026, 2:48:21 pm] INFO
{
  userId: 'cmr4iqxbg0005chzweogjavif'
}
Customer requested unread notification count

----------------------------------------

[30 Jul 2026, 2:48:21 pm] INFO
{
  userId: 'cmr4iqxbg0005chzweogjavif',
  unreadCount: 0
}
Unread notification count loaded successfully

----------------------------------------

[30 Jul 2026, 2:49:21 pm] INFO
{
  method: 'GET',
  path: '/api/notifications/unread-count'
}

----------------------------------------

[30 Jul 2026, 2:49:21 pm] INFO
{
  userId: 'cmr4iqxbg0005chzweogjavif'
}
Customer requested unread notification count

----------------------------------------

[30 Jul 2026, 2:49:21 pm] INFO
{
  userId: 'cmr4iqxbg0005chzweogjavif',
  unreadCount: 0
}
Unread notification count loaded successfully

----------------------------------------

[30 Jul 2026, 2:50:21 pm] INFO
{
  method: 'GET',
  path: '/api/notifications/unread-count'
}

----------------------------------------

[30 Jul 2026, 2:50:21 pm] INFO
{
  userId: 'cmr4iqxbg0005chzweogjavif'
}
Customer requested unread notification count

----------------------------------------

[30 Jul 2026, 2:50:21 pm] INFO
{
  userId: 'cmr4iqxbg0005chzweogjavif',
  unreadCount: 0
}
Unread notification count loaded successfully

----------------------------------------

[30 Jul 2026, 2:51:21 pm] INFO
{
  method: 'GET',
  path: '/api/notifications/unread-count'
}

----------------------------------------

[30 Jul 2026, 2:51:21 pm] INFO
{
  userId: 'cmr4iqxbg0005chzweogjavif'
}
Customer requested unread notification count

----------------------------------------

[30 Jul 2026, 2:51:21 pm] INFO
{
  userId: 'cmr4iqxbg0005chzweogjavif',
  unreadCount: 0
}
Unread notification count loaded successfully

----------------------------------------

[30 Jul 2026, 2:52:21 pm] INFO
{
  method: 'GET',
  path: '/api/notifications/unread-count'
}

----------------------------------------

[30 Jul 2026, 2:52:21 pm] INFO
{
  userId: 'cmr4iqxbg0005chzweogjavif'
}
Customer requested unread notification count

----------------------------------------

[30 Jul 2026, 2:52:21 pm] INFO
{
  userId: 'cmr4iqxbg0005chzweogjavif',
  unreadCount: 0
}
Unread notification count loaded successfully

----------------------------------------

[30 Jul 2026, 2:53:21 pm] INFO
{
  method: 'GET',
  path: '/api/notifications/unread-count'
}

----------------------------------------

[30 Jul 2026, 2:53:21 pm] INFO
{
  userId: 'cmr4iqxbg0005chzweogjavif'
}
Customer requested unread notification count

----------------------------------------

[30 Jul 2026, 2:53:21 pm] INFO
{
  userId: 'cmr4iqxbg0005chzweogjavif',
  unreadCount: 0
}
Unread notification count loaded successfully

----------------------------------------

[30 Jul 2026, 2:54:21 pm] INFO
{
  method: 'GET',
  path: '/api/notifications/unread-count'
}

----------------------------------------

[30 Jul 2026, 2:54:21 pm] INFO
{
  userId: 'cmr4iqxbg0005chzweogjavif'
}
Customer requested unread notification count

----------------------------------------

[30 Jul 2026, 2:54:21 pm] INFO
{
  userId: 'cmr4iqxbg0005chzweogjavif',
  unreadCount: 0
}
Unread notification count loaded successfully

----------------------------------------

[30 Jul 2026, 2:55:21 pm] INFO
{
  method: 'GET',
  path: '/api/notifications/unread-count'
}

----------------------------------------

[30 Jul 2026, 2:55:21 pm] INFO
{
  userId: 'cmr4iqxbg0005chzweogjavif'
}
Customer requested unread notification count

----------------------------------------

[30 Jul 2026, 2:55:21 pm] INFO
{
  userId: 'cmr4iqxbg0005chzweogjavif',
  unreadCount: 0
}
Unread notification count loaded successfully

----------------------------------------

[30 Jul 2026, 2:56:21 pm] INFO
{
  method: 'GET',
  path: '/api/notifications/unread-count'
}

----------------------------------------

[30 Jul 2026, 2:56:21 pm] INFO
{
  userId: 'cmr4iqxbg0005chzweogjavif'
}
Customer requested unread notification count

----------------------------------------

[30 Jul 2026, 2:56:21 pm] INFO
{
  userId: 'cmr4iqxbg0005chzweogjavif',
  unreadCount: 0
}
Unread notification count loaded successfully

----------------------------------------

[30 Jul 2026, 2:56:57 pm] INFO
{
  method: 'GET',
  path: '/provider/dashboard'
}

----------------------------------------

[30 Jul 2026, 2:56:57 pm] INFO
{
  method: 'GET',
  path: '/provider/dashboard'
}

----------------------------------------

[30 Jul 2026, 2:56:57 pm] INFO
{
  method: 'GET',
  path: '/provider/dashboard'
}

----------------------------------------

[30 Jul 2026, 2:56:57 pm] INFO
{
  method: 'GET',
  path: '/provider/dashboard'
}

----------------------------------------

[30 Jul 2026, 2:56:57 pm] INFO
{
  method: 'GET',
  path: '/provider/dashboard'
}

----------------------------------------

[30 Jul 2026, 2:56:57 pm] INFO
{
  method: 'GET',
  path: '/provider/dashboard'
}

----------------------------------------

[30 Jul 2026, 2:56:57 pm] INFO
{
  method: 'GET',
  path: '/provider/dashboard'
}

----------------------------------------

[30 Jul 2026, 2:56:57 pm] INFO
{
  method: 'GET',
  path: '/provider/dashboard'
}

----------------------------------------

[30 Jul 2026, 2:56:57 pm] INFO
{
  method: 'GET',
  path: '/provider/dashboard'
}

----------------------------------------

[30 Jul 2026, 2:57:00 pm] INFO
{
  method: 'GET',
  path: '/provider/dashboard'
}

----------------------------------------

[30 Jul 2026, 2:57:01 pm] INFO
{
  method: 'GET',
  path: '/provider/dashboard'
}

----------------------------------------

[30 Jul 2026, 2:57:06 pm] INFO
{
  method: 'GET',
  path: '/provider/dashboard'
}

----------------------------------------

[30 Jul 2026, 3:02:02 pm] INFO
{
  method: 'GET',
  path: '/provider/dashboard'
}

----------------------------------------

[30 Jul 2026, 3:02:03 pm] INFO
{
  method: 'GET',
  path: '/provider/dashboard'
}

----------------------------------------

[30 Jul 2026, 3:02:03 pm] INFO
{
  method: 'GET',
  path: '/provider/dashboard'
}

----------------------------------------

[30 Jul 2026, 3:02:03 pm] INFO
{
  method: 'GET',
  path: '/provider/dashboard'
}

----------------------------------------

[30 Jul 2026, 3:02:03 pm] INFO
{
  method: 'GET',
  path: '/provider/dashboard'
}

----------------------------------------

[30 Jul 2026, 3:02:03 pm] INFO
{
  method: 'GET',
  path: '/provider/dashboard'
}

----------------------------------------

[30 Jul 2026, 3:02:03 pm] INFO
{
  method: 'GET',
  path: '/provider/dashboard'
}

----------------------------------------

[30 Jul 2026, 3:02:04 pm] INFO
{
  method: 'GET',
  path: '/provider/dashboard'
}

----------------------------------------

[30 Jul 2026, 3:02:04 pm] INFO
{
  method: 'GET',
  path: '/provider/dashboard'
}

----------------------------------------

[30 Jul 2026, 3:02:04 pm] INFO
{
  method: 'GET',
  path: '/provider/dashboard'
}

----------------------------------------

[30 Jul 2026, 3:02:04 pm] INFO
{
  method: 'GET',
  path: '/provider/dashboard'
}

----------------------------------------

[30 Jul 2026, 3:02:04 pm] INFO
{
  method: 'GET',
  path: '/provider/dashboard'
}

----------------------------------------

[30 Jul 2026, 3:02:04 pm] INFO
{
  method: 'GET',
  path: '/provider/dashboard'
}

----------------------------------------

[30 Jul 2026, 3:02:04 pm] INFO
{
  method: 'GET',
  path: '/provider/dashboard'
}

----------------------------------------

[30 Jul 2026, 3:02:04 pm] INFO
{
  method: 'GET',
  path: '/provider/dashboard'
}

----------------------------------------

[30 Jul 2026, 3:02:04 pm] INFO
{
  method: 'GET',
  path: '/provider/dashboard'
}

----------------------------------------

[30 Jul 2026, 3:02:04 pm] INFO
{
  method: 'GET',
  path: '/provider/dashboard'
}

----------------------------------------

[30 Jul 2026, 3:02:04 pm] INFO
{
  method: 'GET',
  path: '/provider/dashboard'
}

----------------------------------------

[30 Jul 2026, 3:02:04 pm] INFO
{
  method: 'GET',
  path: '/provider/dashboard'
}

----------------------------------------

[30 Jul 2026, 3:02:04 pm] INFO
{
  method: 'GET',
  path: '/provider/dashboard'
}

----------------------------------------

[30 Jul 2026, 3:02:04 pm] INFO
{
  method: 'GET',
  path: '/provider/dashboard'
}

----------------------------------------

[30 Jul 2026, 3:02:04 pm] INFO
{
  method: 'GET',
  path: '/provider/dashboard'
}

----------------------------------------

[30 Jul 2026, 3:02:30 pm] INFO
{
  method: 'GET',
  path: '/provider/dashboard'
}

----------------------------------------

[30 Jul 2026, 3:02:32 pm] INFO
{
  method: 'GET',
  path: '/provider/dashboard'
}

----------------------------------------

